season,round,race,driver_id,driver,constructor,grid,points,finish_position,won,previous_points,previous_grid,previous_finish,average_finish,average_grid,recent_points,podium,driver_recent_podiums,driver_recent_wins,dnf,driver_recent_dnfs,constructor_previous_points,constructor_recent_points,constructor_average_finish
2022,1,Bahrain Grand Prix,albon,ALB,williams,14,0.0,13,0,0.0,10.0,10.0,10.0,10.0,0.0,0,0.0,0.0,0,0.0,0.0,0.0,10.0
2022,2,Saudi Arabian Grand Prix,albon,ALB,williams,16,0.0,14,0,0.0,14.0,13.0,13.0,14.0,0.0,0,0.0,0.0,0,0.0,0.0,0.0,13.0
2022,3,Australian Grand Prix,albon,ALB,williams,20,1.0,10,0,0.0,16.0,14.0,13.5,15.0,0.0,0,0.0,0.0,0,0.0,0.0,0.0,13.5
2022,4,Emilia Romagna Grand Prix,albon,ALB,williams,18,0.0,11,0,1.0,20.0,10.0,12.333333333333334,16.666666666666668,1.0,0,0.0,0.0,0,0.0,1.0,1.0,12.333333333333334
2022,5,Miami Grand Prix,albon,ALB,williams,18,2.0,9,0,0.0,18.0,11.0,12.0,17.0,1.0,0,0.0,0.0,0,0.0,0.0,1.0,12.0
2023,1,Bahrain Grand Prix,albon,ALB,williams,15,1.0,10,0,2.0,18.0,9.0,11.4,17.2,3.0,0,0.0,0.0,0,0.0,2.0,3.0,11.4
2023,2,Saudi Arabian Grand Prix,albon,ALB,williams,17,0.0,19,0,1.0,15.0,10.0,10.8,17.4,4.0,0,0.0,0.0,0,0.0,1.0,4.0,10.8
2023,3,Australian Grand Prix,albon,ALB,williams,8,0.0,19,0,0.0,17.0,19.0,11.8,17.6,4.0,0,0.0,0.0,0,0.0,0.0,4.0,11.8
2023,4,Azerbaijan Grand Prix,albon,ALB,williams,12,0.0,12,0,0.0,8.0,19.0,13.6,15.2,3.0,0,0.0,0.0,0,0.0,0.0,3.0,13.6
2023,5,Miami Grand Prix,albon,ALB,williams,11,0.0,14,0,0.0,12.0,12.0,13.8,14.0,3.0,0,0.0,0.0,0,0.0,0.0,3.0,13.8
2024,1,Bahrain Grand Prix,albon,ALB,williams,13,0.0,15,0,0.0,11.0,14.0,14.8,12.6,1.0,0,0.0,0.0,0,0.0,0.0,1.0,14.8
2024,2,Saudi Arabian Grand Prix,albon,ALB,williams,12,0.0,11,0,0.0,13.0,15.0,15.8,12.2,0.0,0,0.0,0.0,0,0.0,0.0,0.0,15.8
2024,3,Australian Grand Prix,albon,ALB,williams,12,0.0,11,0,0.0,12.0,11.0,14.2,11.2,0.0,0,0.0,0.0,0,0.0,0.0,0.0,14.2
2024,4,Japanese Grand Prix,albon,ALB,williams,14,0.0,20,0,0.0,12.0,11.0,12.6,12.0,0.0,0,0.0,0.0,0,0.0,0.0,0.0,12.6
2024,5,Chinese Grand Prix,albon,ALB,williams,14,0.0,12,0,0.0,14.0,20.0,14.2,12.4,0.0,0,0.0,0.0,0,0.0,0.0,0.0,14.2
2025,1,Australian Grand Prix,albon,ALB,williams,6,10.0,5,0,0.0,14.0,12.0,13.8,13.0,0.0,0,0.0,0.0,0,0.0,0.0,0.0,13.8
2025,2,Chinese Grand Prix,albon,ALB,williams,10,6.0,7,0,10.0,6.0,5.0,11.8,11.6,10.0,0,0.0,0.0,0,0.0,10.0,10.0,11.8
2025,3,Japanese Grand Prix,albon,ALB,williams,9,2.0,9,0,6.0,10.0,7.0,11.0,11.2,16.0,0,0.0,0.0,0,0.0,6.0,16.0,11.0
2025,4,Bahrain Grand Prix,albon,ALB,williams,15,0.0,12,0,2.0,9.0,9.0,10.6,10.6,18.0,0,0.0,0.0,0,0.0,2.0,18.0,10.6
2025,5,Saudi Arabian Grand Prix,albon,ALB,williams,11,2.0,9,0,0.0,15.0,12.0,9.0,10.8,18.0,0,0.0,0.0,0,0.0,0.0,18.0,9.0
2021,1,Bahrain Grand Prix,alonso,ALO,alpine,9,0.0,19,0,0.0,10.0,10.0,10.0,10.0,0.0,0,0.0,0.0,0,0.0,0.0,0.0,10.0
2021,2,Emilia Romagna Grand Prix,alonso,ALO,alpine,15,1.0,10,0,0.0,9.0,19.0,19.0,9.0,0.0,0,0.0,0.0,0,0.0,0.0,0.0,19.0
2021,3,Portuguese Grand Prix,alonso,ALO,alpine,13,4.0,8,0,1.0,15.0,10.0,14.5,12.0,1.0,0,0.0,0.0,0,0.0,1.0,1.0,14.5
2021,4,Spanish Grand Prix,alonso,ALO,alpine,10,0.0,17,0,4.0,13.0,8.0,12.333333333333334,12.333333333333334,5.0,0,0.0,0.0,0,0.0,4.0,5.0,12.333333333333334
2021,5,Monaco Grand Prix,alonso,ALO,alpine,17,0.0,13,0,0.0,10.0,17.0,13.5,11.75,5.0,0,0.0,0.0,0,0.0,0.0,5.0,13.5
2022,1,Bahrain Grand Prix,alonso,ALO,alpine,8,2.0,9,0,0.0,17.0,13.0,13.4,12.8,5.0,0,0.0,0.0,0,0.0,0.0,5.0,13.4
2022,2,Saudi Arabian Grand Prix,alonso,ALO,alpine,7,0.0,16,0,2.0,8.0,9.0,11.4,12.6,7.0,0,0.0,0.0,0,0.0,2.0,7.0,11.4
2022,3,Australian Grand Prix,alonso,ALO,alpine,10,0.0,17,0,0.0,7.0,16.0,12.6,11.0,6.0,0,0.0,0.0,0,0.0,0.0,6.0,12.6
2022,4,Emilia Romagna Grand Prix,alonso,ALO,alpine,9,0.0,19,0,0.0,10.0,17.0,14.4,10.4,2.0,0,0.0,0.0,0,0.0,0.0,2.0,14.4
2022,5,Miami Grand Prix,alonso,ALO,alpine,11,0.0,11,0,0.0,9.0,19.0,14.8,10.2,2.0,0,0.0,0.0,0,0.0,0.0,2.0,14.8
2023,1,Bahrain Grand Prix,alonso,ALO,aston_martin,5,15.0,3,0,0.0,11.0,11.0,14.4,9.0,2.0,1,0.0,0.0,0,0.0,0.0,0.0,10.0
2023,2,Saudi Arabian Grand Prix,alonso,ALO,aston_martin,2,15.0,3,0,15.0,5.0,3.0,13.2,8.4,15.0,1,1.0,0.0,0,0.0,15.0,15.0,3.0
2023,3,Australian Grand Prix,alonso,ALO,aston_martin,4,15.0,3,0,15.0,2.0,3.0,10.6,7.4,30.0,1,2.0,0.0,0,0.0,15.0,30.0,3.0
2023,4,Azerbaijan Grand Prix,alonso,ALO,aston_martin,6,12.0,4,0,15.0,4.0,3.0,7.8,6.2,45.0,0,3.0,0.0,0,0.0,15.0,45.0,3.0
2023,5,Miami Grand Prix,alonso,ALO,aston_martin,2,15.0,3,0,12.0,6.0,4.0,4.8,5.6,57.0,1,3.0,0.0,0,0.0,12.0,57.0,3.25
2024,1,Bahrain Grand Prix,alonso,ALO,aston_martin,6,2.0,9,0,15.0,2.0,3.0,3.2,3.8,72.0,0,4.0,0.0,0,0.0,15.0,72.0,3.2
2024,2,Saudi Arabian Grand Prix,alonso,ALO,aston_martin,4,10.0,5,0,2.0,6.0,9.0,4.4,4.0,59.0,0,3.0,0.0,0,0.0,2.0,59.0,4.4
2024,3,Australian Grand Prix,alonso,ALO,aston_martin,10,4.0,8,0,10.0,4.0,5.0,4.8,4.4,54.0,0,2.0,0.0,0,0.0,10.0,54.0,4.8
2024,4,Japanese Grand Prix,alonso,ALO,aston_martin,5,8.0,6,0,4.0,10.0,8.0,5.8,5.6,43.0,0,1.0,0.0,0,0.0,4.0,43.0,5.8
2024,5,Chinese Grand Prix,alonso,ALO,aston_martin,3,7.0,7,0,8.0,5.0,6.0,6.2,5.4,39.0,0,1.0,0.0,0,0.0,8.0,39.0,6.2
2025,1,Australian Grand Prix,alonso,ALO,aston_martin,12,0.0,17,0,7.0,3.0,7.0,7.0,5.6,31.0,0,0.0,0.0,0,0.0,7.0,31.0,7.0
2025,2,Chinese Grand Prix,alonso,ALO,aston_martin,13,0.0,17,0,0.0,12.0,17.0,8.6,6.8,29.0,0,0.0,0.0,0,0.0,0.0,29.0,8.6
2025,3,Japanese Grand Prix,alonso,ALO,aston_martin,12,0.0,11,0,0.0,13.0,17.0,11.0,8.6,19.0,0,0.0,0.0,0,0.0,0.0,19.0,11.0
2025,4,Bahrain Grand Prix,alonso,ALO,aston_martin,13,0.0,15,0,0.0,12.0,11.0,11.6,9.0,15.0,0,0.0,0.0,0,0.0,0.0,15.0,11.6
2025,5,Saudi Arabian Grand Prix,alonso,ALO,aston_martin,13,0.0,11,0,0.0,13.0,15.0,13.4,10.6,7.0,0,0.0,0.0,0,0.0,0.0,7.0,13.4
2025,1,Australian Grand Prix,antonelli,ANT,mercedes,16,12.0,4,0,0.0,10.0,10.0,10.0,10.0,0.0,0,0.0,0.0,0,0.0,0.0,0.0,10.0
2025,2,Chinese Grand Prix,antonelli,ANT,mercedes,8,8.0,6,0,12.0,16.0,4.0,4.0,16.0,12.0,0,0.0,0.0,0,0.0,12.0,12.0,4.0
2025,3,Japanese Grand Prix,antonelli,ANT,mercedes,6,8.0,6,0,8.0,8.0,6.0,5.0,12.0,20.0,0,0.0,0.0,0,0.0,8.0,20.0,5.0
2025,4,Bahrain Grand Prix,antonelli,ANT,mercedes,5,0.0,11,0,8.0,6.0,6.0,5.333333333333333,10.0,28.0,0,0.0,0.0,0,0.0,8.0,28.0,5.333333333333333
2025,5,Saudi Arabian Grand Prix,antonelli,ANT,mercedes,5,8.0,6,0,0.0,5.0,11.0,6.75,8.75,28.0,0,0.0,0.0,0,0.0,0.0,28.0,6.75
2024,2,Saudi Arabian Grand Prix,bearman,BEA,ferrari,11,6.0,7,0,0.0,10.0,10.0,10.0,10.0,0.0,0,0.0,0.0,0,0.0,0.0,0.0,10.0
2025,1,Australian Grand Prix,bearman,BEA,haas,20,0.0,14,0,6.0,11.0,7.0,7.0,11.0,6.0,0,0.0,0.0,0,0.0,0.0,0.0,10.0
2025,2,Chinese Grand Prix,bearman,BEA,haas,17,4.0,8,0,0.0,20.0,14.0,10.5,15.5,6.0,0,0.0,0.0,0,0.0,0.0,0.0,14.0
2025,3,Japanese Grand Prix,bearman,BEA,haas,10,1.0,10,0,4.0,17.0,8.0,9.666666666666666,16.0,10.0,0,0.0,0.0,0,0.0,4.0,4.0,11.0
2025,4,Bahrain Grand Prix,bearman,BEA,haas,20,1.0,10,0,1.0,10.0,10.0,9.75,14.5,11.0,0,0.0,0.0,0,0.0,1.0,5.0,10.666666666666666
2025,5,Saudi Arabian Grand Prix,bearman,BEA,haas,15,0.0,13,0,1.0,20.0,10.0,9.8,15.6,12.0,0,0.0,0.0,0,0.0,1.0,6.0,10.5
2025,1,Australian Grand Prix,bortoleto,BOR,sauber,15,0.0,16,0,0.0,10.0,10.0,10.0,10.0,0.0,0,0.0,0.0,0,0.0,0.0,0.0,10.0
2025,2,Chinese Grand Prix,bortoleto,BOR,sauber,19,0.0,14,0,0.0,15.0,16.0,16.0,15.0,0.0,0,0.0,0.0,0,0.0,0.0,0.0,16.0
2025,3,Japanese Grand Prix,bortoleto,BOR,sauber,17,0.0,19,0,0.0,19.0,14.0,15.0,17.0,0.0,0,0.0,0.0,0,0.0,0.0,0.0,15.0
2025,4,Bahrain Grand Prix,bortoleto,BOR,sauber,18,0.0,18,0,0.0,17.0,19.0,16.333333333333332,17.0,0.0,0,0.0,0.0,0,0.0,0.0,0.0,16.333333333333332
2025,5,Saudi Arabian Grand Prix,bortoleto,BOR,sauber,20,0.0,18,0,0.0,18.0,18.0,16.75,17.25,0.0,0,0.0,0.0,0,0.0,0.0,0.0,16.75
2021,1,Bahrain Grand Prix,bottas,BOT,mercedes,3,16.0,3,0,0.0,10.0,10.0,10.0,10.0,0.0,1,0.0,0.0,0,0.0,8.0,36.0,6.6
2021,2,Emilia Romagna Grand Prix,bottas,BOT,mercedes,8,0.0,18,0,16.0,3.0,3.0,3.0,3.0,16.0,0,1.0,0.0,0,0.0,16.0,40.0,6.4
2021,3,Portuguese Grand Prix,bottas,BOT,mercedes,1,16.0,3,0,0.0,8.0,18.0,10.5,5.5,16.0,1,1.0,0.0,0,0.0,0.0,32.0,8.8
2021,4,Spanish Grand Prix,bottas,BOT,mercedes,3,15.0,3,0,16.0,1.0,3.0,8.0,4.0,32.0,1,2.0,0.0,0,0.0,16.0,40.0,8.2
2021,5,Monaco Grand Prix,bottas,BOT,mercedes,3,0.0,19,0,15.0,3.0,3.0,6.75,3.75,47.0,0,3.0,0.0,0,0.0,15.0,55.0,6.6
2022,1,Bahrain Grand Prix,bottas,BOT,alfa,6,8.0,6,0,0.0,3.0,19.0,9.2,3.6,47.0,0,3.0,0.0,0,0.0,0.0,0.0,10.0
2022,2,Saudi Arabian Grand Prix,bottas,BOT,alfa,8,0.0,15,0,8.0,6.0,6.0,9.8,4.2,39.0,0,2.0,0.0,0,0.0,8.0,8.0,6.0
2022,3,Australian Grand Prix,bottas,BOT,alfa,12,4.0,8,0,0.0,8.0,15.0,9.2,4.2,39.0,0,2.0,0.0,0,0.0,0.0,8.0,10.5
2022,4,Emilia Romagna Grand Prix,bottas,BOT,alfa,7,10.0,5,0,4.0,12.0,8.0,10.2,6.4,27.0,0,1.0,0.0,0,0.0,4.0,12.0,9.666666666666666
2022,5,Miami Grand Prix,bottas,BOT,alfa,5,6.0,7,0,10.0,7.0,5.0,10.6,7.2,22.0,0,0.0,0.0,0,0.0,10.0,22.0,8.5
2023,1,Bahrain Grand Prix,bottas,BOT,alfa,12,4.0,8,0,6.0,5.0,7.0,8.2,7.6,28.0,0,0.0,0.0,0,0.0,6.0,28.0,8.2
2023,2,Saudi Arabian Grand Prix,bottas,BOT,alfa,14,0.0,18,0,4.0,12.0,8.0,8.6,8.8,24.0,0,0.0,0.0,0,0.0,4.0,24.0,8.6
2023,3,Australian Grand Prix,bottas,BOT,alfa,19,0.0,11,0,0.0,14.0,18.0,9.2,10.0,24.0,0,0.0,0.0,0,0.0,0.0,24.0,9.2
2023,4,Azerbaijan Grand Prix,bottas,BOT,alfa,13,0.0,18,0,0.0,19.0,11.0,9.8,11.4,20.0,0,0.0,0.0,0,0.0,0.0,20.0,9.8
2023,5,Miami Grand Prix,bottas,BOT,alfa,10,0.0,13,0,0.0,13.0,18.0,12.4,12.6,10.0,0,0.0,0.0,0,0.0,0.0,10.0,12.4
2024,1,Bahrain Grand Prix,bottas,BOT,sauber,16,0.0,19,0,0.0,10.0,13.0,13.6,13.6,4.0,0,0.0,0.0,0,0.0,0.0,0.0,17.0
2024,2,Saudi Arabian Grand Prix,bottas,BOT,sauber,16,0.0,17,0,0.0,16.0,19.0,15.8,14.4,0.0,0,0.0,0.0,0,0.0,0.0,0.0,17.6
2024,3,Australian Grand Prix,bottas,BOT,sauber,13,0.0,14,0,0.0,16.0,17.0,15.6,14.8,0.0,0,0.0,0.0,0,0.0,0.0,0.0,18.2
2024,4,Japanese Grand Prix,bottas,BOT,sauber,13,0.0,14,0,0.0,13.0,14.0,16.2,13.6,0.0,0,0.0,0.0,0,0.0,0.0,0.0,17.2
2024,5,Chinese Grand Prix,bottas,BOT,sauber,10,0.0,20,0,0.0,13.0,14.0,15.4,13.6,0.0,0,0.0,0.0,0,0.0,0.0,0.0,16.4
2023,1,Bahrain Grand Prix,de_vries,DEV,alphatauri,19,0.0,14,0,0.0,10.0,10.0,10.0,10.0,0.0,0,0.0,0.0,0,0.0,0.0,0.0,10.0
2023,2,Saudi Arabian Grand Prix,de_vries,DEV,alphatauri,18,0.0,14,0,0.0,19.0,14.0,14.0,19.0,0.0,0,0.0,0.0,0,0.0,0.0,0.0,14.0
2023,3,Australian Grand Prix,de_vries,DEV,alphatauri,15,0.0,15,0,0.0,18.0,14.0,14.0,18.5,0.0,0,0.0,0.0,0,0.0,0.0,0.0,14.0
2023,4,Azerbaijan Grand Prix,de_vries,DEV,alphatauri,18,0.0,20,0,0.0,15.0,15.0,14.333333333333334,17.333333333333332,0.0,0,0.0,0.0,0,0.0,0.0,0.0,14.333333333333334
2023,5,Miami Grand Prix,de_vries,DEV,alphatauri,15,0.0,18,0,0.0,18.0,20.0,15.75,17.5,0.0,0,0.0,0.0,0,0.0,0.0,0.0,15.75
2025,1,Australian Grand Prix,doohan,DOO,alpine,14,0.0,19,0,0.0,10.0,10.0,10.0,10.0,0.0,0,0.0,0.0,0,0.0,0.0,2.0,14.4
2025,2,Chinese Grand Prix,doohan,DOO,alpine,18,0.0,13,0,0.0,14.0,19.0,19.0,14.0,0.0,0,0.0,0.0,0,0.0,0.0,0.0,16.4
2025,3,Japanese Grand Prix,doohan,DOO,alpine,19,0.0,15,0,0.0,18.0,13.0,16.0,16.0,0.0,0,0.0,0.0,0,0.0,0.0,0.0,15.8
2025,4,Bahrain Grand Prix,doohan,DOO,alpine,11,0.0,14,0,0.0,19.0,15.0,15.666666666666666,17.0,0.0,0,0.0,0.0,0,0.0,0.0,0.0,15.4
2025,5,Saudi Arabian Grand Prix,doohan,DOO,alpine,17,0.0,17,0,0.0,11.0,14.0,15.25,15.5,0.0,0,0.0,0.0,0,0.0,0.0,0.0,14.4
2021,1,Bahrain Grand Prix,gasly,GAS,alphatauri,5,0.0,17,0,0.0,10.0,10.0,10.0,10.0,0.0,0,0.0,0.0,0,0.0,0.0,0.0,16.2
2021,2,Emilia Romagna Grand Prix,gasly,GAS,alphatauri,5,6.0,7,0,0.0,5.0,17.0,17.0,5.0,0.0,0,0.0,0.0,0,0.0,0.0,0.0,16.8
2021,3,Portuguese Grand Prix,gasly,GAS,alphatauri,9,1.0,10,0,6.0,5.0,7.0,12.0,5.0,6.0,0,0.0,0.0,0,0.0,6.0,6.0,15.4
2021,4,Spanish Grand Prix,gasly,GAS,alphatauri,12,1.0,10,0,1.0,9.0,10.0,11.333333333333334,6.333333333333333,7.0,0,0.0,0.0,0,0.0,1.0,7.0,14.4
2021,5,Monaco Grand Prix,gasly,GAS,alphatauri,6,8.0,6,0,1.0,12.0,10.0,11.0,7.75,8.0,0,0.0,0.0,0,0.0,1.0,8.0,12.4
2022,1,Bahrain Grand Prix,gasly,GAS,alphatauri,10,0.0,20,0,8.0,6.0,6.0,10.0,7.4,16.0,0,0.0,0.0,0,0.0,8.0,16.0,10.0
2022,2,Saudi Arabian Grand Prix,gasly,GAS,alphatauri,9,4.0,8,0,0.0,10.0,20.0,10.6,8.4,16.0,0,0.0,0.0,0,0.0,0.0,16.0,10.6
2022,3,Australian Grand Prix,gasly,GAS,alphatauri,11,2.0,9,0,4.0,9.0,8.0,10.8,9.2,14.0,0,0.0,0.0,0,0.0,4.0,14.0,10.8
2022,4,Emilia Romagna Grand Prix,gasly,GAS,alphatauri,17,0.0,12,0,2.0,11.0,9.0,10.6,9.6,15.0,0,0.0,0.0,0,0.0,2.0,15.0,10.6
2022,5,Miami Grand Prix,gasly,GAS,alphatauri,7,0.0,18,0,0.0,17.0,12.0,11.0,10.6,14.0,0,0.0,0.0,0,0.0,0.0,14.0,11.0
2023,1,Bahrain Grand Prix,gasly,GAS,alpine,20,2.0,9,0,0.0,7.0,18.0,13.4,10.8,6.0,0,0.0,0.0,0,0.0,0.0,0.0,15.6
2023,2,Saudi Arabian Grand Prix,gasly,GAS,alpine,9,2.0,9,0,2.0,20.0,9.0,11.2,12.8,8.0,0,0.0,0.0,0,0.0,2.0,2.0,13.6
2023,3,Australian Grand Prix,gasly,GAS,alpine,9,0.0,13,0,2.0,9.0,9.0,11.4,12.8,6.0,0,0.0,0.0,0,0.0,2.0,4.0,12.8
2023,4,Azerbaijan Grand Prix,gasly,GAS,alpine,17,0.0,14,0,0.0,9.0,13.0,12.2,12.4,4.0,0,0.0,0.0,0,0.0,0.0,4.0,12.4
2023,5,Miami Grand Prix,gasly,GAS,alpine,5,4.0,8,0,0.0,17.0,14.0,12.6,12.4,4.0,0,0.0,0.0,0,0.0,0.0,4.0,12.4
2024,1,Bahrain Grand Prix,gasly,GAS,alpine,20,0.0,18,0,4.0,5.0,8.0,10.6,12.0,8.0,0,0.0,0.0,0,0.0,4.0,8.0,10.6
2024,2,Saudi Arabian Grand Prix,gasly,GAS,alpine,18,0.0,20,0,0.0,20.0,18.0,12.4,12.0,6.0,0,0.0,0.0,0,0.0,0.0,6.0,12.4
2024,3,Australian Grand Prix,gasly,GAS,alpine,17,0.0,13,0,0.0,18.0,20.0,14.6,13.8,4.0,0,0.0,0.0,0,0.0,0.0,4.0,14.6
2024,4,Japanese Grand Prix,gasly,GAS,alpine,17,0.0,16,0,0.0,17.0,13.0,14.6,15.4,4.0,0,0.0,0.0,0,0.0,0.0,4.0,14.6
2024,5,Chinese Grand Prix,gasly,GAS,alpine,15,0.0,13,0,0.0,17.0,16.0,15.0,15.4,4.0,0,0.0,0.0,0,0.0,0.0,4.0,15.0
2025,1,Australian Grand Prix,gasly,GAS,alpine,9,0.0,11,0,0.0,15.0,13.0,16.0,17.4,0.0,0,0.0,0.0,0,0.0,0.0,0.0,16.0
2025,2,Chinese Grand Prix,gasly,GAS,alpine,16,0.0,20,0,0.0,9.0,11.0,14.6,15.2,0.0,0,0.0,0.0,0,0.0,0.0,0.0,14.6
2025,3,Japanese Grand Prix,gasly,GAS,alpine,11,0.0,13,0,0.0,16.0,20.0,14.6,14.8,0.0,0,0.0,0.0,0,0.0,0.0,0.0,14.6
2025,4,Bahrain Grand Prix,gasly,GAS,alpine,4,6.0,7,0,0.0,11.0,13.0,14.6,13.6,0.0,0,0.0,0.0,0,0.0,0.0,0.0,14.6
2025,5,Saudi Arabian Grand Prix,gasly,GAS,alpine,9,0.0,20,0,6.0,4.0,7.0,12.8,11.0,6.0,0,0.0,0.0,0,0.0,6.0,6.0,12.8
2021,1,Bahrain Grand Prix,giovinazzi,GIO,alfa,12,0.0,12,0,0.0,10.0,10.0,10.0,10.0,0.0,0,0.0,0.0,0,0.0,0.0,4.0,13.6
2021,2,Emilia Romagna Grand Prix,giovinazzi,GIO,alfa,17,0.0,14,0,0.0,12.0,12.0,12.0,12.0,0.0,0,0.0,0.0,0,0.0,0.0,0.0,14.4
2021,3,Portuguese Grand Prix,giovinazzi,GIO,alfa,12,0.0,12,0,0.0,17.0,14.0,13.0,14.5,0.0,0,0.0,0.0,0,0.0,0.0,0.0,13.6
2021,4,Spanish Grand Prix,giovinazzi,GIO,alfa,14,0.0,15,0,0.0,12.0,12.0,12.666666666666666,13.666666666666666,0.0,0,0.0,0.0,0,0.0,0.0,0.0,13.8
2021,5,Monaco Grand Prix,giovinazzi,GIO,alfa,10,1.0,10,0,0.0,14.0,15.0,13.25,13.75,0.0,0,0.0,0.0,0,0.0,0.0,0.0,13.2
2025,1,Australian Grand Prix,hadjar,HAD,rb,11,0.0,20,0,0.0,10.0,10.0,10.0,10.0,0.0,0,0.0,0.0,0,0.0,0.0,0.0,10.0
2025,2,Chinese Grand Prix,hadjar,HAD,rb,7,0.0,11,0,0.0,11.0,20.0,20.0,11.0,0.0,0,0.0,0.0,0,0.0,0.0,0.0,20.0
2025,3,Japanese Grand Prix,hadjar,HAD,rb,7,4.0,8,0,0.0,7.0,11.0,15.5,9.0,0.0,0,0.0,0.0,0,0.0,0.0,0.0,15.5
2025,4,Bahrain Grand Prix,hadjar,HAD,rb,12,0.0,13,0,4.0,7.0,8.0,13.0,8.333333333333334,4.0,0,0.0,0.0,0,0.0,4.0,4.0,13.0
2025,5,Saudi Arabian Grand Prix,hadjar,HAD,rb,14,1.0,10,0,0.0,12.0,13.0,13.0,9.25,4.0,0,0.0,0.0,0,0.0,0.0,4.0,13.0
2021,1,Bahrain Grand Prix,hamilton,HAM,mercedes,2,25.0,1,1,0.0,10.0,10.0,10.0,10.0,0.0,1,0.0,0.0,0,0.0,0.0,47.0,9.2
2021,2,Emilia Romagna Grand Prix,hamilton,HAM,mercedes,1,19.0,2,0,25.0,2.0,1.0,1.0,2.0,25.0,1,1.0,1.0,0,0.0,25.0,56.0,8.8
2021,3,Portuguese Grand Prix,hamilton,HAM,mercedes,2,25.0,1,1,19.0,1.0,2.0,1.5,1.5,44.0,1,2.0,1.0,0,0.0,19.0,75.0,5.6
2021,4,Spanish Grand Prix,hamilton,HAM,mercedes,1,25.0,1,1,25.0,2.0,1.0,1.3333333333333333,1.6666666666666667,69.0,1,3.0,2.0,0,0.0,25.0,84.0,5.2
2021,5,Monaco Grand Prix,hamilton,HAM,mercedes,7,7.0,7,0,25.0,1.0,1.0,1.25,1.5,94.0,0,4.0,3.0,0,0.0,25.0,94.0,4.8
2022,1,Bahrain Grand Prix,hamilton,HAM,mercedes,5,15.0,3,0,7.0,7.0,7.0,2.4,2.6,101.0,1,4.0,3.0,0,0.0,7.0,101.0,2.4
2022,2,Saudi Arabian Grand Prix,hamilton,HAM,mercedes,15,1.0,10,0,15.0,5.0,3.0,2.8,3.2,91.0,0,4.0,2.0,0,0.0,15.0,91.0,2.8
2022,3,Australian Grand Prix,hamilton,HAM,mercedes,5,12.0,4,0,1.0,15.0,10.0,4.4,6.0,73.0,0,3.0,2.0,0,0.0,1.0,73.0,4.4
2022,4,Emilia Romagna Grand Prix,hamilton,HAM,mercedes,14,0.0,13,0,12.0,5.0,4.0,5.0,6.6,60.0,0,2.0,1.0,0,0.0,12.0,60.0,5.0
2022,5,Miami Grand Prix,hamilton,HAM,mercedes,6,8.0,6,0,0.0,14.0,13.0,7.4,9.2,35.0,0,1.0,0.0,0,0.0,0.0,35.0,7.4
2023,1,Bahrain Grand Prix,hamilton,HAM,mercedes,7,10.0,5,0,8.0,6.0,6.0,7.2,9.0,36.0,0,1.0,0.0,0,0.0,8.0,36.0,7.2
2023,2,Saudi Arabian Grand Prix,hamilton,HAM,mercedes,7,10.0,5,0,10.0,7.0,5.0,7.6,9.4,31.0,0,0.0,0.0,0,0.0,10.0,31.0,7.6
2023,3,Australian Grand Prix,hamilton,HAM,mercedes,3,18.0,2,0,10.0,7.0,5.0,6.6,7.8,40.0,1,0.0,0.0,0,0.0,10.0,40.0,6.6
2023,4,Azerbaijan Grand Prix,hamilton,HAM,mercedes,5,8.0,6,0,18.0,3.0,2.0,6.2,7.4,46.0,0,1.0,0.0,0,0.0,18.0,46.0,6.2
2023,5,Miami Grand Prix,hamilton,HAM,mercedes,13,8.0,6,0,8.0,5.0,6.0,4.8,5.6,54.0,0,1.0,0.0,0,0.0,8.0,54.0,4.8
2024,1,Bahrain Grand Prix,hamilton,HAM,mercedes,9,6.0,7,0,8.0,13.0,6.0,4.8,7.0,54.0,0,1.0,0.0,0,0.0,8.0,54.0,4.8
2024,2,Saudi Arabian Grand Prix,hamilton,HAM,mercedes,8,2.0,9,0,6.0,9.0,7.0,5.2,7.4,50.0,0,1.0,0.0,0,0.0,6.0,50.0,5.2
2024,3,Australian Grand Prix,hamilton,HAM,mercedes,11,0.0,18,0,2.0,8.0,9.0,6.0,7.6,42.0,0,1.0,0.0,0,0.0,2.0,42.0,6.0
2024,4,Japanese Grand Prix,hamilton,HAM,mercedes,7,2.0,9,0,0.0,11.0,18.0,9.2,9.2,24.0,0,0.0,0.0,0,0.0,0.0,24.0,9.2
2024,5,Chinese Grand Prix,hamilton,HAM,mercedes,18,2.0,9,0,2.0,7.0,9.0,9.8,9.6,18.0,0,0.0,0.0,0,0.0,2.0,18.0,9.8
2025,1,Australian Grand Prix,hamilton,HAM,ferrari,8,1.0,10,0,2.0,18.0,9.0,10.4,10.6,12.0,0,0.0,0.0,0,0.0,6.0,6.0,7.0
2025,2,Chinese Grand Prix,hamilton,HAM,ferrari,5,0.0,19,0,1.0,8.0,10.0,11.0,10.4,7.0,0,0.0,0.0,0,0.0,1.0,7.0,8.5
2025,3,Japanese Grand Prix,hamilton,HAM,ferrari,8,6.0,7,0,0.0,5.0,19.0,13.0,9.8,5.0,0,0.0,0.0,0,0.0,0.0,7.0,12.0
2025,4,Bahrain Grand Prix,hamilton,HAM,ferrari,9,10.0,5,0,6.0,8.0,7.0,10.8,9.2,11.0,0,0.0,0.0,0,0.0,6.0,13.0,10.75
2025,5,Saudi Arabian Grand Prix,hamilton,HAM,ferrari,7,6.0,7,0,10.0,9.0,5.0,10.0,9.6,19.0,0,0.0,0.0,0,0.0,10.0,23.0,9.6
2022,1,Bahrain Grand Prix,hulkenberg,HUL,aston_martin,17,0.0,17,0,0.0,10.0,10.0,10.0,10.0,0.0,0,0.0,0.0,0,0.0,0.0,0.0,14.2
2022,2,Saudi Arabian Grand Prix,hulkenberg,HUL,aston_martin,17,0.0,12,0,0.0,17.0,17.0,17.0,17.0,0.0,0,0.0,0.0,0,0.0,0.0,0.0,14.2
2023,1,Bahrain Grand Prix,hulkenberg,HUL,haas,10,0.0,15,0,0.0,17.0,12.0,14.5,17.0,0.0,0,0.0,0.0,0,0.0,0.0,6.0,11.0
2023,2,Saudi Arabian Grand Prix,hulkenberg,HUL,haas,10,0.0,12,0,0.0,10.0,15.0,14.666666666666666,14.666666666666666,0.0,0,0.0,0.0,0,0.0,0.0,6.0,11.2
2023,3,Australian Grand Prix,hulkenberg,HUL,haas,10,6.0,7,0,0.0,10.0,12.0,14.0,13.5,0.0,0,0.0,0.0,0,0.0,0.0,2.0,12.0
2023,4,Azerbaijan Grand Prix,hulkenberg,HUL,haas,20,0.0,17,0,6.0,10.0,7.0,12.6,12.8,6.0,0,0.0,0.0,0,0.0,6.0,7.0,11.4
2023,5,Miami Grand Prix,hulkenberg,HUL,haas,12,0.0,15,0,0.0,20.0,17.0,12.6,13.4,6.0,0,0.0,0.0,0,0.0,0.0,6.0,12.8
2024,1,Bahrain Grand Prix,hulkenberg,HUL,haas,10,0.0,16,0,0.0,12.0,15.0,13.2,12.4,6.0,0,0.0,0.0,0,0.0,0.0,6.0,13.2
2024,2,Saudi Arabian Grand Prix,hulkenberg,HUL,haas,15,1.0,10,0,0.0,10.0,16.0,13.4,12.4,6.0,0,0.0,0.0,0,0.0,0.0,6.0,13.4
2024,3,Australian Grand Prix,hulkenberg,HUL,haas,16,2.0,9,0,1.0,15.0,10.0,13.0,13.4,7.0,0,0.0,0.0,0,0.0,1.0,7.0,13.0
2024,4,Japanese Grand Prix,hulkenberg,HUL,haas,12,0.0,11,0,2.0,16.0,9.0,13.4,14.6,3.0,0,0.0,0.0,0,0.0,2.0,3.0,13.4
2024,5,Chinese Grand Prix,hulkenberg,HUL,haas,9,1.0,10,0,0.0,12.0,11.0,12.2,13.0,3.0,0,0.0,0.0,0,0.0,0.0,3.0,12.2
2025,1,Australian Grand Prix,hulkenberg,HUL,sauber,17,6.0,7,0,1.0,9.0,10.0,11.2,12.4,4.0,0,0.0,0.0,0,0.0,0.0,0.0,16.8
2025,2,Chinese Grand Prix,hulkenberg,HUL,sauber,12,0.0,15,0,6.0,17.0,7.0,9.4,13.8,10.0,0,0.0,0.0,0,0.0,6.0,6.0,14.4
2025,3,Japanese Grand Prix,hulkenberg,HUL,sauber,16,0.0,16,0,0.0,12.0,15.0,10.4,13.2,9.0,0,0.0,0.0,0,0.0,0.0,6.0,14.0
2025,4,Bahrain Grand Prix,hulkenberg,HUL,sauber,16,0.0,20,0,0.0,16.0,16.0,11.8,13.2,7.0,0,0.0,0.0,0,0.0,0.0,6.0,14.4
2025,5,Saudi Arabian Grand Prix,hulkenberg,HUL,sauber,18,0.0,15,0,0.0,16.0,20.0,13.6,14.0,7.0,0,0.0,0.0,0,0.0,0.0,6.0,15.6
2022,1,Bahrain Grand Prix,kevin_magnussen,MAG,haas,7,10.0,5,0,0.0,10.0,10.0,10.0,10.0,0.0,0,0.0,0.0,0,0.0,1.0,4.0,11.2
2022,2,Saudi Arabian Grand Prix,kevin_magnussen,MAG,haas,10,2.0,9,0,10.0,7.0,5.0,5.0,7.0,10.0,0,0.0,0.0,0,0.0,10.0,14.0,9.0
2022,3,Australian Grand Prix,kevin_magnussen,MAG,haas,16,0.0,14,0,2.0,10.0,9.0,7.0,8.5,12.0,0,0.0,0.0,0,0.0,2.0,15.0,8.8
2022,4,Emilia Romagna Grand Prix,kevin_magnussen,MAG,haas,8,2.0,9,0,0.0,16.0,14.0,9.333333333333334,11.0,12.0,0,0.0,0.0,0,0.0,0.0,13.0,9.8
2022,5,Miami Grand Prix,kevin_magnussen,MAG,haas,16,0.0,16,0,2.0,8.0,9.0,9.25,10.25,14.0,0,0.0,0.0,0,0.0,2.0,15.0,9.4
2023,1,Bahrain Grand Prix,kevin_magnussen,MAG,haas,17,0.0,13,0,0.0,16.0,16.0,10.6,11.4,14.0,0,0.0,0.0,0,0.0,0.0,14.0,10.6
2023,2,Saudi Arabian Grand Prix,kevin_magnussen,MAG,haas,13,1.0,10,0,0.0,17.0,13.0,12.2,13.4,4.0,0,0.0,0.0,0,0.0,0.0,4.0,12.2
2023,3,Australian Grand Prix,kevin_magnussen,MAG,haas,14,0.0,17,0,1.0,13.0,10.0,12.4,14.0,3.0,0,0.0,0.0,0,0.0,1.0,3.0,12.4
2023,4,Azerbaijan Grand Prix,kevin_magnussen,MAG,haas,16,0.0,13,0,0.0,14.0,17.0,13.0,13.6,3.0,0,0.0,0.0,0,0.0,0.0,3.0,13.0
2023,5,Miami Grand Prix,kevin_magnussen,MAG,haas,4,1.0,10,0,0.0,16.0,13.0,13.8,15.2,1.0,0,0.0,0.0,0,0.0,0.0,1.0,13.8
2024,1,Bahrain Grand Prix,kevin_magnussen,MAG,haas,15,0.0,12,0,1.0,4.0,10.0,12.6,12.8,2.0,0,0.0,0.0,0,0.0,1.0,2.0,12.6
2024,2,Saudi Arabian Grand Prix,kevin_magnussen,MAG,haas,13,0.0,12,0,0.0,15.0,12.0,12.4,12.4,2.0,0,0.0,0.0,0,0.0,0.0,2.0,12.4
2024,3,Australian Grand Prix,kevin_magnussen,MAG,haas,14,1.0,10,0,0.0,13.0,12.0,12.8,12.4,1.0,0,0.0,0.0,0,0.0,0.0,1.0,12.8
2024,4,Japanese Grand Prix,kevin_magnussen,MAG,haas,18,0.0,13,0,1.0,14.0,10.0,11.4,12.4,2.0,0,0.0,0.0,0,0.0,1.0,2.0,11.4
2024,5,Chinese Grand Prix,kevin_magnussen,MAG,haas,17,0.0,16,0,0.0,18.0,13.0,11.4,12.8,2.0,0,0.0,0.0,0,0.0,0.0,2.0,11.4
2021,1,Bahrain Grand Prix,latifi,LAT,williams,17,0.0,18,0,0.0,10.0,10.0,10.0,10.0,0.0,0,0.0,0.0,0,0.0,2.0,20.0,8.4
2021,2,Emilia Romagna Grand Prix,latifi,LAT,williams,14,0.0,20,0,0.0,17.0,18.0,18.0,17.0,0.0,0,0.0,0.0,0,0.0,0.0,10.0,11.0
2021,3,Portuguese Grand Prix,latifi,LAT,williams,18,0.0,18,0,0.0,14.0,20.0,19.0,15.5,0.0,0,0.0,0.0,0,0.0,0.0,4.0,13.6
2021,4,Spanish Grand Prix,latifi,LAT,williams,19,0.0,16,0,0.0,18.0,18.0,18.666666666666668,16.333333333333332,0.0,0,0.0,0.0,0,0.0,0.0,2.0,15.4
2021,5,Monaco Grand Prix,latifi,LAT,williams,18,0.0,15,0,0.0,19.0,16.0,18.0,17.0,0.0,0,0.0,0.0,0,0.0,0.0,2.0,16.2
2022,1,Bahrain Grand Prix,latifi,LAT,williams,20,0.0,16,0,0.0,18.0,15.0,17.4,17.2,0.0,0,0.0,0.0,0,0.0,0.0,0.0,17.4
2022,2,Saudi Arabian Grand Prix,latifi,LAT,williams,18,0.0,18,0,0.0,20.0,16.0,17.0,17.8,0.0,0,0.0,0.0,0,0.0,0.0,0.0,17.0
2022,3,Australian Grand Prix,latifi,LAT,williams,18,0.0,16,0,0.0,18.0,18.0,16.6,18.6,0.0,0,0.0,0.0,0,0.0,0.0,0.0,16.6
2022,4,Emilia Romagna Grand Prix,latifi,LAT,williams,19,0.0,16,0,0.0,18.0,16.0,16.2,18.6,0.0,0,0.0,0.0,0,0.0,0.0,0.0,16.2
2022,5,Miami Grand Prix,latifi,LAT,williams,19,0.0,14,0,0.0,19.0,16.0,16.2,18.6,0.0,0,0.0,0.0,0,0.0,0.0,0.0,16.2
2025,1,Australian Grand Prix,lawson,LAW,red_bull,18,0.0,15,0,0.0,10.0,10.0,10.0,10.0,0.0,0,0.0,0.0,0,0.0,0.0,0.0,10.0
2025,2,Chinese Grand Prix,lawson,LAW,red_bull,20,0.0,12,0,0.0,18.0,15.0,15.0,18.0,0.0,0,0.0,0.0,0,0.0,0.0,0.0,15.0
2025,3,Japanese Grand Prix,lawson,LAW,rb,13,0.0,17,0,0.0,20.0,12.0,13.5,19.0,0.0,0,0.0,0.0,0,0.0,1.0,5.0,12.4
2025,4,Bahrain Grand Prix,lawson,LAW,rb,17,0.0,16,0,0.0,13.0,17.0,14.666666666666666,17.0,0.0,0,0.0,0.0,0,0.0,0.0,5.0,11.8
2025,5,Saudi Arabian Grand Prix,lawson,LAW,rb,12,0.0,12,0,0.0,17.0,16.0,15.0,17.0,0.0,0,0.0,0.0,0,0.0,0.0,5.0,12.8
2021,1,Bahrain Grand Prix,leclerc,LEC,ferrari,4,8.0,6,0,0.0,10.0,10.0,10.0,10.0,0.0,0,0.0,0.0,0,0.0,6.0,23.0,9.6
2021,2,Emilia Romagna Grand Prix,leclerc,LEC,ferrari,4,12.0,4,0,8.0,4.0,6.0,6.0,4.0,8.0,0,0.0,0.0,0,0.0,8.0,30.0,8.8
2021,3,Portuguese Grand Prix,leclerc,LEC,ferrari,8,8.0,6,0,12.0,4.0,4.0,5.0,4.0,20.0,0,0.0,0.0,0,0.0,12.0,42.0,5.8
2021,4,Spanish Grand Prix,leclerc,LEC,ferrari,4,12.0,4,0,8.0,8.0,6.0,5.333333333333333,5.333333333333333,28.0,0,0.0,0.0,0,0.0,8.0,44.0,5.6
2021,5,Monaco Grand Prix,leclerc,LEC,ferrari,1,0.0,20,0,12.0,4.0,4.0,5.0,5.0,40.0,0,0.0,0.0,0,0.0,12.0,46.0,5.4
2022,1,Bahrain Grand Prix,leclerc,LEC,ferrari,1,26.0,1,1,0.0,1.0,20.0,8.0,4.2,40.0,1,0.0,0.0,0,0.0,0.0,40.0,8.0
2022,2,Saudi Arabian Grand Prix,leclerc,LEC,ferrari,2,19.0,2,0,26.0,1.0,1.0,7.0,3.6,58.0,1,1.0,1.0,0,0.0,26.0,58.0,7.0
2022,3,Australian Grand Prix,leclerc,LEC,ferrari,1,26.0,1,1,19.0,2.0,2.0,6.6,3.2,65.0,1,2.0,1.0,0,0.0,19.0,65.0,6.6
2022,4,Emilia Romagna Grand Prix,leclerc,LEC,ferrari,2,8.0,6,0,26.0,1.0,1.0,5.6,1.8,83.0,0,3.0,2.0,0,0.0,26.0,83.0,5.6
2022,5,Miami Grand Prix,leclerc,LEC,ferrari,1,18.0,2,0,8.0,2.0,6.0,6.0,1.4,79.0,1,3.0,2.0,0,0.0,8.0,79.0,6.0
2023,1,Bahrain Grand Prix,leclerc,LEC,ferrari,3,0.0,19,0,18.0,1.0,2.0,2.4,1.4,97.0,0,4.0,2.0,0,0.0,18.0,97.0,2.4
2023,2,Saudi Arabian Grand Prix,leclerc,LEC,ferrari,12,6.0,7,0,0.0,3.0,19.0,6.0,1.8,71.0,0,3.0,1.0,0,0.0,0.0,71.0,6.0
2023,3,Australian Grand Prix,leclerc,LEC,ferrari,7,0.0,20,0,6.0,12.0,7.0,7.0,3.8,58.0,0,2.0,1.0,0,0.0,6.0,58.0,7.0
2023,4,Azerbaijan Grand Prix,leclerc,LEC,ferrari,1,15.0,3,0,0.0,7.0,20.0,10.8,5.0,32.0,1,1.0,0.0,0,0.0,0.0,32.0,10.8
2023,5,Miami Grand Prix,leclerc,LEC,ferrari,7,6.0,7,0,15.0,1.0,3.0,10.2,4.8,39.0,0,2.0,0.0,0,0.0,15.0,39.0,10.2
2024,1,Bahrain Grand Prix,leclerc,LEC,ferrari,2,12.0,4,0,6.0,7.0,7.0,11.2,6.0,27.0,0,1.0,0.0,0,0.0,6.0,27.0,11.2
2024,2,Saudi Arabian Grand Prix,leclerc,LEC,ferrari,2,16.0,3,0,12.0,2.0,4.0,8.2,5.8,39.0,1,1.0,0.0,0,0.0,12.0,39.0,8.2
2024,3,Australian Grand Prix,leclerc,LEC,ferrari,4,19.0,2,0,16.0,2.0,3.0,7.4,3.8,49.0,1,2.0,0.0,0,0.0,16.0,49.0,7.4
2024,4,Japanese Grand Prix,leclerc,LEC,ferrari,8,12.0,4,0,19.0,4.0,2.0,3.8,3.2,68.0,0,3.0,0.0,0,0.0,19.0,68.0,3.8
2024,5,Chinese Grand Prix,leclerc,LEC,ferrari,6,12.0,4,0,12.0,8.0,4.0,4.0,4.6,65.0,0,2.0,0.0,0,0.0,12.0,65.0,4.0
2025,1,Australian Grand Prix,leclerc,LEC,ferrari,7,4.0,8,0,12.0,6.0,4.0,3.4,4.4,71.0,0,2.0,0.0,0,0.0,12.0,71.0,3.4
2025,2,Chinese Grand Prix,leclerc,LEC,ferrari,6,0.0,18,0,4.0,7.0,8.0,4.2,5.4,63.0,0,2.0,0.0,0,0.0,4.0,63.0,4.2
2025,3,Japanese Grand Prix,leclerc,LEC,ferrari,4,12.0,4,0,0.0,6.0,18.0,7.2,6.2,47.0,0,1.0,0.0,0,0.0,0.0,47.0,7.2
2025,4,Bahrain Grand Prix,leclerc,LEC,ferrari,2,12.0,4,0,12.0,4.0,4.0,7.6,6.2,40.0,0,0.0,0.0,0,0.0,12.0,40.0,7.6
2025,5,Saudi Arabian Grand Prix,leclerc,LEC,ferrari,4,15.0,3,0,12.0,2.0,4.0,7.6,5.0,40.0,1,0.0,0.0,0,0.0,12.0,40.0,7.6
2021,1,Bahrain Grand Prix,max_verstappen,VER,red_bull,1,18.0,2,0,0.0,10.0,10.0,10.0,10.0,0.0,1,0.0,0.0,0,0.0,0.0,0.0,13.5
2021,2,Emilia Romagna Grand Prix,max_verstappen,VER,red_bull,3,25.0,1,1,18.0,1.0,2.0,2.0,1.0,18.0,1,1.0,0.0,0,0.0,18.0,18.0,9.666666666666666
2021,3,Portuguese Grand Prix,max_verstappen,VER,red_bull,3,18.0,2,0,25.0,3.0,1.0,1.5,2.0,43.0,1,2.0,1.0,0,0.0,25.0,43.0,7.5
2021,4,Spanish Grand Prix,max_verstappen,VER,red_bull,2,19.0,2,0,18.0,3.0,2.0,1.6666666666666667,2.3333333333333335,61.0,1,3.0,1.0,0,0.0,18.0,61.0,6.4
2021,5,Monaco Grand Prix,max_verstappen,VER,red_bull,2,25.0,1,1,19.0,2.0,2.0,1.75,2.25,80.0,1,4.0,1.0,0,0.0,19.0,80.0,3.8
2022,1,Bahrain Grand Prix,max_verstappen,VER,red_bull,2,0.0,19,0,25.0,2.0,1.0,1.6,2.2,105.0,0,5.0,2.0,0,0.0,25.0,105.0,1.6
2022,2,Saudi Arabian Grand Prix,max_verstappen,VER,red_bull,4,25.0,1,1,0.0,2.0,19.0,5.0,2.4,87.0,1,4.0,2.0,0,0.0,0.0,87.0,5.0
2022,3,Australian Grand Prix,max_verstappen,VER,red_bull,2,0.0,18,0,25.0,4.0,1.0,5.0,2.6,87.0,0,4.0,2.0,0,0.0,25.0,87.0,5.0
2022,4,Emilia Romagna Grand Prix,max_verstappen,VER,red_bull,1,26.0,1,1,0.0,2.0,18.0,8.2,2.4,69.0,1,3.0,2.0,0,0.0,0.0,69.0,8.2
2022,5,Miami Grand Prix,max_verstappen,VER,red_bull,3,26.0,1,1,26.0,1.0,1.0,8.0,2.2,76.0,1,3.0,3.0,0,0.0,26.0,76.0,8.0
2023,1,Bahrain Grand Prix,max_verstappen,VER,red_bull,1,25.0,1,1,26.0,3.0,1.0,8.0,2.4,77.0,1,3.0,3.0,0,0.0,26.0,77.0,8.0
2023,2,Saudi Arabian Grand Prix,max_verstappen,VER,red_bull,15,19.0,2,0,25.0,1.0,1.0,4.4,2.2,102.0,1,4.0,4.0,0,0.0,25.0,102.0,4.4
2023,3,Australian Grand Prix,max_verstappen,VER,red_bull,1,25.0,1,1,19.0,15.0,2.0,4.6,4.4,96.0,1,4.0,3.0,0,0.0,19.0,96.0,4.6
2023,4,Azerbaijan Grand Prix,max_verstappen,VER,red_bull,2,18.0,2,0,25.0,1.0,1.0,1.2,4.2,121.0,1,5.0,4.0,0,0.0,25.0,121.0,1.2
2023,5,Miami Grand Prix,max_verstappen,VER,red_bull,9,26.0,1,1,18.0,2.0,2.0,1.4,4.4,113.0,1,5.0,3.0,0,0.0,18.0,113.0,1.4
2024,1,Bahrain Grand Prix,max_verstappen,VER,red_bull,1,26.0,1,1,26.0,9.0,1.0,1.4,5.6,113.0,1,5.0,3.0,0,0.0,26.0,113.0,1.4
2024,2,Saudi Arabian Grand Prix,max_verstappen,VER,red_bull,1,25.0,1,1,26.0,1.0,1.0,1.4,5.6,114.0,1,5.0,3.0,0,0.0,26.0,114.0,1.4
2024,3,Australian Grand Prix,max_verstappen,VER,red_bull,1,0.0,19,0,25.0,1.0,1.0,1.2,2.8,120.0,0,5.0,4.0,0,0.0,25.0,120.0,1.2
2024,4,Japanese Grand Prix,max_verstappen,VER,red_bull,1,26.0,1,1,0.0,1.0,19.0,4.8,2.8,95.0,1,4.0,3.0,0,0.0,0.0,95.0,4.8
2024,5,Chinese Grand Prix,max_verstappen,VER,red_bull,1,25.0,1,1,26.0,1.0,1.0,4.6,2.6,103.0,1,4.0,4.0,0,0.0,26.0,103.0,4.6
2025,1,Australian Grand Prix,max_verstappen,VER,red_bull,3,18.0,2,0,25.0,1.0,1.0,4.6,1.0,102.0,1,4.0,4.0,0,0.0,25.0,102.0,4.6
2025,2,Chinese Grand Prix,max_verstappen,VER,red_bull,4,12.0,4,0,18.0,3.0,2.0,4.8,1.4,94.0,0,4.0,3.0,0,0.0,18.0,94.0,4.8
2025,3,Japanese Grand Prix,max_verstappen,VER,red_bull,1,25.0,1,1,12.0,4.0,4.0,5.4,2.0,81.0,1,3.0,2.0,0,0.0,12.0,81.0,5.4
2025,4,Bahrain Grand Prix,max_verstappen,VER,red_bull,7,8.0,6,0,25.0,1.0,1.0,1.8,2.0,106.0,0,4.0,3.0,0,0.0,25.0,106.0,1.8
2025,5,Saudi Arabian Grand Prix,max_verstappen,VER,red_bull,1,18.0,2,0,8.0,7.0,6.0,2.8,3.2,88.0,1,3.0,2.0,0,0.0,8.0,88.0,2.8
2021,1,Bahrain Grand Prix,mazepin,MAZ,haas,19,0.0,20,0,0.0,10.0,10.0,10.0,10.0,0.0,0,0.0,0.0,0,0.0,0.0,1.0,12.6
2021,2,Emilia Romagna Grand Prix,mazepin,MAZ,haas,19,0.0,17,0,0.0,19.0,20.0,20.0,19.0,0.0,0,0.0,0.0,0,0.0,0.0,1.0,14.2
2021,3,Portuguese Grand Prix,mazepin,MAZ,haas,20,0.0,19,0,0.0,19.0,17.0,18.5,19.0,0.0,0,0.0,0.0,0,0.0,0.0,1.0,15.2
2021,4,Spanish Grand Prix,mazepin,MAZ,haas,20,0.0,19,0,0.0,20.0,19.0,18.666666666666668,19.333333333333332,0.0,0,0.0,0.0,0,0.0,0.0,0.0,17.0
2021,5,Monaco Grand Prix,mazepin,MAZ,haas,19,0.0,17,0,0.0,20.0,19.0,18.75,19.5,0.0,0,0.0,0.0,0,0.0,0.0,0.0,18.2
2021,1,Bahrain Grand Prix,mick_schumacher,MSC,haas,18,0.0,16,0,0.0,10.0,10.0,10.0,10.0,0.0,0,0.0,0.0,0,0.0,0.0,0.0,18.4
2021,2,Emilia Romagna Grand Prix,mick_schumacher,MSC,haas,18,0.0,16,0,0.0,18.0,16.0,16.0,18.0,0.0,0,0.0,0.0,0,0.0,0.0,0.0,17.6
2021,3,Portuguese Grand Prix,mick_schumacher,MSC,haas,19,0.0,17,0,0.0,18.0,16.0,16.0,18.0,0.0,0,0.0,0.0,0,0.0,0.0,0.0,17.4
2021,4,Spanish Grand Prix,mick_schumacher,MSC,haas,18,0.0,18,0,0.0,19.0,17.0,16.333333333333332,18.333333333333332,0.0,0,0.0,0.0,0,0.0,0.0,0.0,17.0
2021,5,Monaco Grand Prix,mick_schumacher,MSC,haas,20,0.0,18,0,0.0,18.0,18.0,16.75,18.25,0.0,0,0.0,0.0,0,0.0,0.0,0.0,16.8
2022,1,Bahrain Grand Prix,mick_schumacher,MSC,haas,12,0.0,11,0,0.0,20.0,18.0,17.0,18.6,0.0,0,0.0,0.0,0,0.0,0.0,0.0,17.0
2022,2,Saudi Arabian Grand Prix,mick_schumacher,MSC,haas,0,0.0,20,0,0.0,12.0,11.0,16.0,17.4,0.0,0,0.0,0.0,0,0.0,0.0,0.0,16.0
2022,3,Australian Grand Prix,mick_schumacher,MSC,haas,15,0.0,13,0,0.0,0.0,20.0,16.8,13.8,0.0,0,0.0,0.0,0,0.0,0.0,0.0,16.8
2022,4,Emilia Romagna Grand Prix,mick_schumacher,MSC,haas,10,0.0,17,0,0.0,15.0,13.0,16.0,13.0,0.0,0,0.0,0.0,0,0.0,0.0,0.0,16.0
2022,5,Miami Grand Prix,mick_schumacher,MSC,haas,15,0.0,15,0,0.0,10.0,17.0,15.8,11.4,0.0,0,0.0,0.0,0,0.0,0.0,0.0,15.8
2021,1,Bahrain Grand Prix,norris,NOR,mclaren,7,12.0,4,0,0.0,10.0,10.0,10.0,10.0,0.0,0,0.0,0.0,0,0.0,0.0,0.0,10.0
2021,2,Emilia Romagna Grand Prix,norris,NOR,mclaren,7,15.0,3,0,12.0,7.0,4.0,4.0,7.0,12.0,1,0.0,0.0,0,0.0,12.0,12.0,4.0
2021,3,Portuguese Grand Prix,norris,NOR,mclaren,7,10.0,5,0,15.0,7.0,3.0,3.5,7.0,27.0,0,1.0,0.0,0,0.0,15.0,27.0,3.5
2021,4,Spanish Grand Prix,norris,NOR,mclaren,9,4.0,8,0,10.0,7.0,5.0,4.0,7.0,37.0,0,1.0,0.0,0,0.0,10.0,37.0,4.0
2021,5,Monaco Grand Prix,norris,NOR,mclaren,5,15.0,3,0,4.0,9.0,8.0,5.0,7.5,41.0,1,1.0,0.0,0,0.0,4.0,41.0,5.0
2022,1,Bahrain Grand Prix,norris,NOR,mclaren,13,0.0,15,0,15.0,5.0,3.0,4.6,7.0,56.0,0,2.0,0.0,0,0.0,15.0,56.0,4.6
2022,2,Saudi Arabian Grand Prix,norris,NOR,mclaren,11,6.0,7,0,0.0,13.0,15.0,6.8,8.2,44.0,0,2.0,0.0,0,0.0,0.0,44.0,6.8
2022,3,Australian Grand Prix,norris,NOR,mclaren,4,10.0,5,0,6.0,11.0,7.0,7.6,9.0,35.0,0,1.0,0.0,0,0.0,6.0,35.0,7.6
2022,4,Emilia Romagna Grand Prix,norris,NOR,mclaren,5,15.0,3,0,10.0,4.0,5.0,7.6,8.4,35.0,1,1.0,0.0,0,0.0,10.0,35.0,7.6
2022,5,Miami Grand Prix,norris,NOR,mclaren,8,0.0,19,0,15.0,5.0,3.0,6.6,7.6,46.0,0,2.0,0.0,0,0.0,15.0,46.0,6.6
2023,1,Bahrain Grand Prix,norris,NOR,mclaren,11,0.0,17,0,0.0,8.0,19.0,9.8,8.2,31.0,0,1.0,0.0,0,0.0,0.0,31.0,9.8
2023,2,Saudi Arabian Grand Prix,norris,NOR,mclaren,19,0.0,17,0,0.0,11.0,17.0,10.2,7.8,31.0,0,1.0,0.0,0,0.0,0.0,31.0,10.2
2023,3,Australian Grand Prix,norris,NOR,mclaren,13,8.0,6,0,0.0,19.0,17.0,12.2,9.4,25.0,0,1.0,0.0,0,0.0,0.0,25.0,12.2
2023,4,Azerbaijan Grand Prix,norris,NOR,mclaren,7,2.0,9,0,8.0,13.0,6.0,12.4,11.2,23.0,0,1.0,0.0,0,0.0,8.0,23.0,12.4
2023,5,Miami Grand Prix,norris,NOR,mclaren,16,0.0,17,0,2.0,7.0,9.0,13.6,11.6,10.0,0,0.0,0.0,0,0.0,2.0,10.0,13.6
2024,1,Bahrain Grand Prix,norris,NOR,mclaren,7,8.0,6,0,0.0,16.0,17.0,13.2,13.2,10.0,0,0.0,0.0,0,0.0,0.0,10.0,13.2
2024,2,Saudi Arabian Grand Prix,norris,NOR,mclaren,6,4.0,8,0,8.0,7.0,6.0,11.0,12.4,18.0,0,0.0,0.0,0,0.0,8.0,18.0,11.0
2024,3,Australian Grand Prix,norris,NOR,mclaren,3,15.0,3,0,4.0,6.0,8.0,9.2,9.8,22.0,1,0.0,0.0,0,0.0,4.0,22.0,9.2
2024,4,Japanese Grand Prix,norris,NOR,mclaren,3,10.0,5,0,15.0,3.0,3.0,8.6,7.8,29.0,0,1.0,0.0,0,0.0,15.0,29.0,8.6
2024,5,Chinese Grand Prix,norris,NOR,mclaren,4,18.0,2,0,10.0,3.0,5.0,7.8,7.0,37.0,1,1.0,0.0,0,0.0,10.0,37.0,7.8
2024,6,Miami Grand Prix,norris,NOR,mclaren,5,25.0,1,1,18.0,4.0,2.0,4.8,4.6,55.0,1,2.0,0.0,0,0.0,18.0,55.0,4.8
2025,1,Australian Grand Prix,norris,NOR,mclaren,1,25.0,1,1,25.0,5.0,1.0,3.8,4.2,72.0,1,3.0,1.0,0,0.0,25.0,72.0,3.8
2025,2,Chinese Grand Prix,norris,NOR,mclaren,3,18.0,2,0,25.0,1.0,1.0,2.4,3.2,93.0,1,4.0,2.0,0,0.0,25.0,93.0,2.4
2025,3,Japanese Grand Prix,norris,NOR,mclaren,2,18.0,2,0,18.0,3.0,2.0,2.2,3.2,96.0,1,4.0,2.0,0,0.0,18.0,96.0,2.2
2025,4,Bahrain Grand Prix,norris,NOR,mclaren,6,15.0,3,0,18.0,2.0,2.0,1.6,3.0,104.0,1,5.0,2.0,0,0.0,18.0,104.0,1.6
2025,5,Saudi Arabian Grand Prix,norris,NOR,mclaren,10,12.0,4,0,15.0,6.0,3.0,1.8,3.4,101.0,0,5.0,2.0,0,0.0,15.0,101.0,1.8
2021,1,Bahrain Grand Prix,ocon,OCO,alpine,16,0.0,13,0,0.0,10.0,10.0,10.0,10.0,0.0,0,0.0,0.0,0,0.0,0.0,6.0,14.2
2021,2,Emilia Romagna Grand Prix,ocon,OCO,alpine,9,2.0,9,0,0.0,16.0,13.0,13.0,16.0,0.0,0,0.0,0.0,0,0.0,0.0,6.0,14.6
2021,3,Portuguese Grand Prix,ocon,OCO,alpine,6,6.0,7,0,2.0,9.0,9.0,11.0,12.5,2.0,0,0.0,0.0,0,0.0,2.0,8.0,12.4
2021,4,Spanish Grand Prix,ocon,OCO,alpine,5,2.0,9,0,6.0,6.0,7.0,9.666666666666666,10.333333333333334,8.0,0,0.0,0.0,0,0.0,6.0,14.0,11.2
2021,5,Monaco Grand Prix,ocon,OCO,alpine,11,2.0,9,0,2.0,5.0,9.0,9.5,9.0,10.0,0,0.0,0.0,0,0.0,2.0,10.0,11.6
2022,1,Bahrain Grand Prix,ocon,OCO,alpine,11,6.0,7,0,2.0,11.0,9.0,9.4,9.4,12.0,0,0.0,0.0,0,0.0,2.0,12.0,9.4
2022,2,Saudi Arabian Grand Prix,ocon,OCO,alpine,5,8.0,6,0,6.0,11.0,7.0,8.2,8.4,18.0,0,0.0,0.0,0,0.0,6.0,18.0,8.2
2022,3,Australian Grand Prix,ocon,OCO,alpine,8,6.0,7,0,8.0,5.0,6.0,7.6,7.6,24.0,0,0.0,0.0,0,0.0,8.0,24.0,7.6
2022,4,Emilia Romagna Grand Prix,ocon,OCO,alpine,16,0.0,14,0,6.0,8.0,7.0,7.6,8.0,24.0,0,0.0,0.0,0,0.0,6.0,24.0,7.6
2022,5,Miami Grand Prix,ocon,OCO,alpine,20,4.0,8,0,0.0,16.0,14.0,8.6,10.2,22.0,0,0.0,0.0,0,0.0,0.0,22.0,8.6
2023,1,Bahrain Grand Prix,ocon,OCO,alpine,9,0.0,18,0,4.0,20.0,8.0,8.4,12.0,24.0,0,0.0,0.0,0,0.0,4.0,24.0,8.4
2023,2,Saudi Arabian Grand Prix,ocon,OCO,alpine,6,4.0,8,0,0.0,9.0,18.0,10.6,11.6,18.0,0,0.0,0.0,0,0.0,0.0,18.0,10.6
2023,3,Australian Grand Prix,ocon,OCO,alpine,11,0.0,14,0,4.0,6.0,8.0,11.0,11.8,14.0,0,0.0,0.0,0,0.0,4.0,14.0,11.0
2023,4,Azerbaijan Grand Prix,ocon,OCO,alpine,19,0.0,15,0,0.0,11.0,14.0,12.4,12.4,8.0,0,0.0,0.0,0,0.0,0.0,8.0,12.4
2023,5,Miami Grand Prix,ocon,OCO,alpine,8,2.0,9,0,0.0,19.0,15.0,12.6,13.0,8.0,0,0.0,0.0,0,0.0,0.0,8.0,12.6
2024,1,Bahrain Grand Prix,ocon,OCO,alpine,19,0.0,17,0,2.0,8.0,9.0,12.8,10.6,6.0,0,0.0,0.0,0,0.0,2.0,6.0,12.8
2024,2,Saudi Arabian Grand Prix,ocon,OCO,alpine,17,0.0,13,0,0.0,19.0,17.0,12.6,12.6,6.0,0,0.0,0.0,0,0.0,0.0,6.0,12.6
2024,3,Australian Grand Prix,ocon,OCO,alpine,15,0.0,16,0,0.0,17.0,13.0,13.6,14.8,2.0,0,0.0,0.0,0,0.0,0.0,2.0,13.6
2024,4,Japanese Grand Prix,ocon,OCO,alpine,15,0.0,15,0,0.0,15.0,16.0,14.0,15.6,2.0,0,0.0,0.0,0,0.0,0.0,2.0,14.0
2024,5,Chinese Grand Prix,ocon,OCO,alpine,13,0.0,11,0,0.0,15.0,15.0,14.0,14.8,2.0,0,0.0,0.0,0,0.0,0.0,2.0,14.0
2025,1,Australian Grand Prix,ocon,OCO,haas,19,0.0,13,0,0.0,13.0,11.0,14.4,15.8,0.0,0,0.0,0.0,0,0.0,0.0,0.0,15.2
2025,2,Chinese Grand Prix,ocon,OCO,haas,11,10.0,5,0,0.0,19.0,13.0,13.6,15.8,0.0,0,0.0,0.0,0,0.0,0.0,0.0,15.6
2025,3,Japanese Grand Prix,ocon,OCO,haas,18,0.0,18,0,10.0,11.0,5.0,12.0,14.6,10.0,0,0.0,0.0,0,0.0,10.0,10.0,12.6
2025,4,Bahrain Grand Prix,ocon,OCO,haas,14,4.0,8,0,0.0,18.0,18.0,12.4,15.2,10.0,0,0.0,0.0,0,0.0,0.0,10.0,13.6
2025,5,Saudi Arabian Grand Prix,ocon,OCO,haas,19,0.0,14,0,4.0,14.0,8.0,11.0,15.0,14.0,0,0.0,0.0,0,0.0,4.0,14.0,11.8
2021,1,Bahrain Grand Prix,perez,PER,red_bull,0,10.0,5,0,0.0,10.0,10.0,10.0,10.0,0.0,0,0.0,0.0,0,0.0,18.0,81.0,3.0
2021,2,Emilia Romagna Grand Prix,perez,PER,red_bull,2,0.0,11,0,10.0,0.0,5.0,5.0,0.0,10.0,0,0.0,0.0,0,0.0,10.0,73.0,3.6
2021,3,Portuguese Grand Prix,perez,PER,red_bull,4,12.0,4,0,0.0,2.0,11.0,8.0,1.0,10.0,0,0.0,0.0,0,0.0,0.0,61.0,5.0
2021,4,Spanish Grand Prix,perez,PER,red_bull,8,10.0,5,0,12.0,4.0,4.0,6.666666666666667,2.0,22.0,0,0.0,0.0,0,0.0,12.0,48.0,5.6
2021,5,Monaco Grand Prix,perez,PER,red_bull,9,12.0,4,0,10.0,8.0,5.0,6.25,3.5,32.0,0,0.0,0.0,0,0.0,10.0,50.0,5.4
2022,1,Bahrain Grand Prix,perez,PER,red_bull,4,0.0,18,0,12.0,9.0,4.0,5.8,4.6,44.0,0,0.0,0.0,0,0.0,12.0,44.0,5.8
2022,2,Saudi Arabian Grand Prix,perez,PER,red_bull,1,12.0,4,0,0.0,4.0,18.0,8.4,5.4,34.0,0,0.0,0.0,0,0.0,0.0,34.0,8.4
2022,3,Australian Grand Prix,perez,PER,red_bull,3,18.0,2,0,12.0,1.0,4.0,7.0,5.2,46.0,1,0.0,0.0,0,0.0,12.0,46.0,7.0
2022,4,Emilia Romagna Grand Prix,perez,PER,red_bull,3,18.0,2,0,18.0,3.0,2.0,6.6,5.0,52.0,1,1.0,0.0,0,0.0,18.0,52.0,6.6
2022,5,Miami Grand Prix,perez,PER,red_bull,4,12.0,4,0,18.0,3.0,2.0,6.0,4.0,60.0,0,2.0,0.0,0,0.0,18.0,60.0,6.0
2023,1,Bahrain Grand Prix,perez,PER,red_bull,2,18.0,2,0,12.0,4.0,4.0,6.0,3.0,60.0,1,2.0,0.0,0,0.0,12.0,60.0,6.0
2023,2,Saudi Arabian Grand Prix,perez,PER,red_bull,1,25.0,1,1,18.0,2.0,2.0,2.8,2.6,78.0,1,3.0,0.0,0,0.0,18.0,78.0,2.8
2023,3,Australian Grand Prix,perez,PER,red_bull,20,11.0,5,0,25.0,1.0,1.0,2.2,2.6,91.0,0,4.0,1.0,0,0.0,25.0,91.0,2.2
2023,4,Azerbaijan Grand Prix,perez,PER,red_bull,3,25.0,1,1,11.0,20.0,5.0,2.8,6.0,84.0,1,3.0,1.0,0,0.0,11.0,84.0,2.8
2023,5,Miami Grand Prix,perez,PER,red_bull,1,18.0,2,0,25.0,3.0,1.0,2.6,6.0,91.0,1,3.0,2.0,0,0.0,25.0,91.0,2.6
2024,1,Bahrain Grand Prix,perez,PER,red_bull,5,18.0,2,0,18.0,1.0,2.0,2.2,5.4,97.0,1,4.0,2.0,0,0.0,18.0,97.0,2.2
2024,2,Saudi Arabian Grand Prix,perez,PER,red_bull,3,18.0,2,0,18.0,5.0,2.0,2.2,6.0,97.0,1,4.0,2.0,0,0.0,18.0,97.0,2.2
2024,3,Australian Grand Prix,perez,PER,red_bull,6,10.0,5,0,18.0,3.0,2.0,2.4,6.4,90.0,0,4.0,1.0,0,0.0,18.0,90.0,2.4
2024,4,Japanese Grand Prix,perez,PER,red_bull,2,18.0,2,0,10.0,6.0,5.0,2.4,3.6,89.0,1,4.0,1.0,0,0.0,10.0,89.0,2.4
2024,5,Chinese Grand Prix,perez,PER,red_bull,2,15.0,3,0,18.0,2.0,2.0,2.6,3.4,82.0,1,4.0,0.0,0,0.0,18.0,82.0,2.6
2023,1,Bahrain Grand Prix,piastri,PIA,mclaren,18,0.0,20,0,0.0,10.0,10.0,10.0,10.0,0.0,0,0.0,0.0,0,0.0,12.0,88.0,2.4
2023,2,Saudi Arabian Grand Prix,piastri,PIA,mclaren,8,0.0,15,0,0.0,18.0,20.0,20.0,18.0,0.0,0,0.0,0.0,0,0.0,0.0,63.0,6.2
2023,3,Australian Grand Prix,piastri,PIA,mclaren,16,4.0,8,0,0.0,8.0,15.0,17.5,13.0,0.0,0,0.0,0.0,0,0.0,0.0,45.0,8.8
2023,4,Azerbaijan Grand Prix,piastri,PIA,mclaren,10,0.0,11,0,4.0,16.0,8.0,14.333333333333334,14.0,4.0,0,0.0,0.0,0,0.0,4.0,31.0,10.0
2023,5,Miami Grand Prix,piastri,PIA,mclaren,19,0.0,19,0,0.0,10.0,11.0,13.5,13.0,4.0,0,0.0,0.0,0,0.0,0.0,16.0,11.6
2024,1,Bahrain Grand Prix,piastri,PIA,mclaren,8,4.0,8,0,0.0,19.0,19.0,14.6,14.2,4.0,0,0.0,0.0,0,0.0,0.0,4.0,14.6
2024,2,Saudi Arabian Grand Prix,piastri,PIA,mclaren,5,12.0,4,0,4.0,8.0,8.0,12.2,12.2,8.0,0,0.0,0.0,0,0.0,4.0,8.0,12.2
2024,3,Australian Grand Prix,piastri,PIA,mclaren,5,12.0,4,0,12.0,5.0,4.0,10.0,11.6,20.0,0,0.0,0.0,0,0.0,12.0,20.0,10.0
2024,4,Japanese Grand Prix,piastri,PIA,mclaren,6,4.0,8,0,12.0,5.0,4.0,9.2,9.4,28.0,0,0.0,0.0,0,0.0,12.0,28.0,9.2
2024,5,Chinese Grand Prix,piastri,PIA,mclaren,5,4.0,8,0,4.0,6.0,8.0,8.6,8.6,32.0,0,0.0,0.0,0,0.0,4.0,32.0,8.6
2025,1,Australian Grand Prix,piastri,PIA,mclaren,2,2.0,9,0,4.0,5.0,8.0,6.4,5.8,36.0,0,0.0,0.0,0,0.0,4.0,36.0,6.4
2025,2,Chinese Grand Prix,piastri,PIA,mclaren,1,25.0,1,1,2.0,2.0,9.0,6.6,4.6,34.0,1,0.0,0.0,0,0.0,2.0,34.0,6.6
2025,3,Japanese Grand Prix,piastri,PIA,mclaren,3,15.0,3,0,25.0,1.0,1.0,6.0,3.8,47.0,1,1.0,1.0,0,0.0,25.0,47.0,6.0
2025,4,Bahrain Grand Prix,piastri,PIA,mclaren,1,25.0,1,1,15.0,3.0,3.0,5.8,3.4,50.0,1,2.0,1.0,0,0.0,15.0,50.0,5.8
2025,5,Saudi Arabian Grand Prix,piastri,PIA,mclaren,2,25.0,1,1,25.0,1.0,1.0,4.4,2.4,71.0,1,3.0,2.0,0,0.0,25.0,71.0,4.4
2021,1,Bahrain Grand Prix,raikkonen,RAI,alfa,14,0.0,11,0,0.0,10.0,10.0,10.0,10.0,0.0,0,0.0,0.0,0,0.0,1.0,1.0,12.6
2021,2,Emilia Romagna Grand Prix,raikkonen,RAI,alfa,16,0.0,13,0,0.0,14.0,11.0,11.0,14.0,0.0,0,0.0,0.0,0,0.0,0.0,1.0,12.4
2021,3,Portuguese Grand Prix,raikkonen,RAI,alfa,15,0.0,20,0,0.0,16.0,13.0,12.0,15.0,0.0,0,0.0,0.0,0,0.0,0.0,1.0,12.2
2021,4,Spanish Grand Prix,raikkonen,RAI,alfa,17,0.0,12,0,0.0,15.0,20.0,14.666666666666666,15.0,0.0,0,0.0,0.0,0,0.0,0.0,1.0,13.8
2021,5,Monaco Grand Prix,raikkonen,RAI,alfa,14,0.0,11,0,0.0,17.0,12.0,14.0,15.5,0.0,0,0.0,0.0,0,0.0,0.0,1.0,13.2
2021,1,Bahrain Grand Prix,ricciardo,RIC,mclaren,6,6.0,7,0,0.0,10.0,10.0,10.0,10.0,0.0,0,0.0,0.0,0,0.0,25.0,92.0,3.0
2021,2,Emilia Romagna Grand Prix,ricciardo,RIC,mclaren,6,8.0,6,0,6.0,6.0,7.0,7.0,6.0,6.0,0,0.0,0.0,0,0.0,6.0,96.0,2.6
2021,3,Portuguese Grand Prix,ricciardo,RIC,mclaren,16,2.0,9,0,8.0,6.0,6.0,6.5,6.0,14.0,0,0.0,0.0,0,0.0,8.0,79.0,3.6
2021,4,Spanish Grand Prix,ricciardo,RIC,mclaren,7,8.0,6,0,2.0,16.0,9.0,7.333333333333333,9.333333333333334,16.0,0,0.0,0.0,0,0.0,2.0,66.0,4.8
2021,5,Monaco Grand Prix,ricciardo,RIC,mclaren,12,0.0,12,0,8.0,7.0,6.0,7.0,8.75,24.0,0,0.0,0.0,0,0.0,8.0,49.0,5.8
2022,1,Bahrain Grand Prix,ricciardo,RIC,mclaren,18,0.0,14,0,0.0,12.0,12.0,8.0,9.4,24.0,0,0.0,0.0,0,0.0,0.0,24.0,8.0
2022,2,Saudi Arabian Grand Prix,ricciardo,RIC,mclaren,14,0.0,17,0,0.0,18.0,14.0,9.4,11.8,18.0,0,0.0,0.0,0,0.0,0.0,18.0,9.4
2022,3,Australian Grand Prix,ricciardo,RIC,mclaren,7,8.0,6,0,0.0,14.0,17.0,11.6,13.4,10.0,0,0.0,0.0,0,0.0,0.0,10.0,11.6
2022,4,Emilia Romagna Grand Prix,ricciardo,RIC,mclaren,6,0.0,18,0,8.0,7.0,6.0,11.0,11.6,16.0,0,0.0,0.0,0,0.0,8.0,16.0,11.0
2022,5,Miami Grand Prix,ricciardo,RIC,mclaren,14,0.0,13,0,0.0,6.0,18.0,13.4,11.4,8.0,0,0.0,0.0,0,0.0,0.0,8.0,13.4
2024,1,Bahrain Grand Prix,ricciardo,RIC,rb,14,0.0,13,0,0.0,14.0,13.0,13.6,11.8,8.0,0,0.0,0.0,0,0.0,0.0,1.0,13.6
2024,2,Saudi Arabian Grand Prix,ricciardo,RIC,rb,14,0.0,16,0,0.0,14.0,13.0,13.4,11.0,8.0,0,0.0,0.0,0,0.0,0.0,1.0,13.6
2024,3,Australian Grand Prix,ricciardo,RIC,rb,18,0.0,12,0,0.0,14.0,16.0,13.2,11.0,8.0,0,0.0,0.0,0,0.0,0.0,0.0,14.8
2024,4,Japanese Grand Prix,ricciardo,RIC,rb,11,0.0,19,0,0.0,18.0,12.0,14.4,13.2,0.0,0,0.0,0.0,0,0.0,0.0,0.0,13.8
2024,5,Chinese Grand Prix,ricciardo,RIC,rb,12,0.0,18,0,0.0,11.0,19.0,14.6,14.2,0.0,0,0.0,0.0,0,0.0,0.0,0.0,14.4
2021,1,Bahrain Grand Prix,russell,RUS,williams,15,0.0,14,0,0.0,10.0,10.0,10.0,10.0,0.0,0,0.0,0.0,0,0.0,0.0,0.0,16.0
2021,2,Emilia Romagna Grand Prix,russell,RUS,williams,12,0.0,19,0,0.0,15.0,14.0,14.0,15.0,0.0,0,0.0,0.0,0,0.0,0.0,0.0,15.6
2021,3,Portuguese Grand Prix,russell,RUS,williams,11,0.0,16,0,0.0,12.0,19.0,16.5,13.5,0.0,0,0.0,0.0,0,0.0,0.0,0.0,15.8
2021,4,Spanish Grand Prix,russell,RUS,williams,15,0.0,14,0,0.0,11.0,16.0,16.333333333333332,12.666666666666666,0.0,0,0.0,0.0,0,0.0,0.0,0.0,15.8
2021,5,Monaco Grand Prix,russell,RUS,williams,15,0.0,14,0,0.0,15.0,14.0,15.75,13.25,0.0,0,0.0,0.0,0,0.0,0.0,0.0,15.4
2022,1,Bahrain Grand Prix,russell,RUS,mercedes,9,12.0,4,0,0.0,15.0,14.0,15.4,13.6,0.0,0,0.0,0.0,0,0.0,2.0,12.0,10.4
2022,2,Saudi Arabian Grand Prix,russell,RUS,mercedes,6,10.0,5,0,12.0,9.0,4.0,13.4,12.4,12.0,0,0.0,0.0,0,0.0,12.0,18.0,9.8
2022,3,Australian Grand Prix,russell,RUS,mercedes,6,15.0,3,0,10.0,6.0,5.0,10.6,11.2,22.0,1,0.0,0.0,0,0.0,10.0,26.0,9.0
2022,4,Emilia Romagna Grand Prix,russell,RUS,mercedes,11,12.0,4,0,15.0,6.0,3.0,8.0,10.2,37.0,0,1.0,0.0,0,0.0,15.0,41.0,6.0
2022,5,Miami Grand Prix,russell,RUS,mercedes,12,10.0,5,0,12.0,11.0,4.0,6.0,9.4,49.0,0,1.0,0.0,0,0.0,12.0,51.0,5.0
2023,1,Bahrain Grand Prix,russell,RUS,mercedes,6,6.0,7,0,10.0,12.0,5.0,4.2,8.8,59.0,0,1.0,0.0,0,0.0,10.0,59.0,4.2
2023,2,Saudi Arabian Grand Prix,russell,RUS,mercedes,3,12.0,4,0,6.0,6.0,7.0,4.8,8.2,53.0,0,1.0,0.0,0,0.0,6.0,53.0,4.8
2023,3,Australian Grand Prix,russell,RUS,mercedes,2,0.0,18,0,12.0,3.0,4.0,4.6,7.6,55.0,0,1.0,0.0,0,0.0,12.0,55.0,4.6
2023,4,Azerbaijan Grand Prix,russell,RUS,mercedes,11,5.0,8,0,0.0,2.0,18.0,7.6,6.8,40.0,0,0.0,0.0,0,0.0,0.0,40.0,7.6
2023,5,Miami Grand Prix,russell,RUS,mercedes,6,12.0,4,0,5.0,11.0,8.0,8.4,6.8,33.0,0,0.0,0.0,0,0.0,5.0,33.0,8.4
2024,1,Bahrain Grand Prix,russell,RUS,mercedes,3,10.0,5,0,12.0,6.0,4.0,8.2,5.6,35.0,0,0.0,0.0,0,0.0,12.0,35.0,8.2
2024,2,Saudi Arabian Grand Prix,russell,RUS,mercedes,7,8.0,6,0,10.0,3.0,5.0,7.8,5.0,39.0,0,0.0,0.0,0,0.0,10.0,39.0,7.8
2024,3,Australian Grand Prix,russell,RUS,mercedes,7,0.0,17,0,8.0,7.0,6.0,8.2,5.8,35.0,0,0.0,0.0,0,0.0,8.0,35.0,8.2
2024,4,Japanese Grand Prix,russell,RUS,mercedes,9,6.0,7,0,0.0,7.0,17.0,8.0,6.8,35.0,0,0.0,0.0,0,0.0,0.0,35.0,8.0
2024,5,Chinese Grand Prix,russell,RUS,mercedes,8,8.0,6,0,6.0,9.0,7.0,7.8,6.4,36.0,0,0.0,0.0,0,0.0,6.0,36.0,7.8
2025,1,Australian Grand Prix,russell,RUS,mercedes,4,15.0,3,0,8.0,8.0,6.0,8.2,6.8,32.0,1,0.0,0.0,0,0.0,8.0,32.0,8.2
2025,2,Chinese Grand Prix,russell,RUS,mercedes,2,15.0,3,0,15.0,4.0,3.0,7.8,7.0,37.0,1,1.0,0.0,0,0.0,15.0,37.0,7.8
2025,3,Japanese Grand Prix,russell,RUS,mercedes,5,10.0,5,0,15.0,2.0,3.0,7.2,6.0,44.0,0,2.0,0.0,0,0.0,15.0,44.0,7.2
2025,4,Bahrain Grand Prix,russell,RUS,mercedes,3,18.0,2,0,10.0,5.0,5.0,4.8,5.6,54.0,1,2.0,0.0,0,0.0,10.0,54.0,4.8
2025,5,Saudi Arabian Grand Prix,russell,RUS,mercedes,3,10.0,5,0,18.0,3.0,2.0,3.8,4.4,66.0,0,3.0,0.0,0,0.0,18.0,66.0,3.8
2021,1,Bahrain Grand Prix,sainz,SAI,ferrari,8,4.0,8,0,0.0,10.0,10.0,10.0,10.0,0.0,0,0.0,0.0,0,0.0,15.0,43.0,7.4
2021,2,Emilia Romagna Grand Prix,sainz,SAI,ferrari,11,10.0,5,0,4.0,8.0,8.0,8.0,8.0,4.0,0,0.0,0.0,0,0.0,4.0,43.0,7.4
2021,3,Portuguese Grand Prix,sainz,SAI,ferrari,5,0.0,11,0,10.0,11.0,5.0,6.5,9.5,14.0,0,0.0,0.0,0,0.0,10.0,53.0,4.8
2021,4,Spanish Grand Prix,sainz,SAI,ferrari,6,6.0,7,0,0.0,5.0,11.0,8.0,8.0,14.0,0,0.0,0.0,0,0.0,0.0,41.0,6.2
2021,5,Monaco Grand Prix,sainz,SAI,ferrari,4,18.0,2,0,6.0,6.0,7.0,7.75,7.5,20.0,1,0.0,0.0,0,0.0,6.0,35.0,6.8
2022,1,Bahrain Grand Prix,sainz,SAI,ferrari,3,18.0,2,0,18.0,4.0,2.0,6.6,6.8,38.0,1,1.0,0.0,0,0.0,18.0,38.0,6.6
2022,2,Saudi Arabian Grand Prix,sainz,SAI,ferrari,3,15.0,3,0,18.0,3.0,2.0,5.4,5.8,52.0,1,2.0,0.0,0,0.0,18.0,52.0,5.4
2022,3,Australian Grand Prix,sainz,SAI,ferrari,9,0.0,20,0,15.0,3.0,3.0,5.0,4.2,57.0,0,3.0,0.0,0,0.0,15.0,57.0,5.0
2022,4,Emilia Romagna Grand Prix,sainz,SAI,ferrari,4,0.0,20,0,0.0,9.0,20.0,6.8,5.0,57.0,0,3.0,0.0,0,0.0,0.0,57.0,6.8
2022,5,Miami Grand Prix,sainz,SAI,ferrari,2,15.0,3,0,0.0,4.0,20.0,9.4,4.6,51.0,1,3.0,0.0,0,0.0,0.0,51.0,9.4
2023,1,Bahrain Grand Prix,sainz,SAI,ferrari,4,12.0,4,0,15.0,2.0,3.0,9.6,4.2,48.0,0,3.0,0.0,0,0.0,15.0,48.0,9.6
2023,2,Saudi Arabian Grand Prix,sainz,SAI,ferrari,4,8.0,6,0,12.0,4.0,4.0,10.0,4.4,42.0,0,2.0,0.0,0,0.0,12.0,42.0,10.0
2023,3,Australian Grand Prix,sainz,SAI,ferrari,5,0.0,12,0,8.0,4.0,6.0,10.6,4.6,35.0,0,1.0,0.0,0,0.0,8.0,35.0,10.6
2023,4,Azerbaijan Grand Prix,sainz,SAI,ferrari,4,10.0,5,0,0.0,5.0,12.0,9.0,3.8,35.0,0,1.0,0.0,0,0.0,0.0,35.0,9.0
2023,5,Miami Grand Prix,sainz,SAI,ferrari,3,10.0,5,0,10.0,4.0,5.0,6.0,3.8,45.0,0,1.0,0.0,0,0.0,10.0,45.0,6.0
2024,1,Bahrain Grand Prix,sainz,SAI,ferrari,4,15.0,3,0,10.0,3.0,5.0,6.4,4.0,40.0,1,0.0,0.0,0,0.0,10.0,40.0,6.4
2024,3,Australian Grand Prix,sainz,SAI,ferrari,2,25.0,1,1,15.0,4.0,3.0,6.2,4.0,43.0,1,1.0,0.0,0,0.0,15.0,43.0,6.2
2024,4,Japanese Grand Prix,sainz,SAI,ferrari,4,15.0,3,0,25.0,2.0,1.0,5.2,3.6,60.0,1,2.0,1.0,0,0.0,25.0,60.0,5.2
2024,5,Chinese Grand Prix,sainz,SAI,ferrari,7,10.0,5,0,15.0,4.0,3.0,3.4,3.4,75.0,0,3.0,1.0,0,0.0,15.0,75.0,3.4
2025,1,Australian Grand Prix,sainz,SAI,williams,10,0.0,18,0,10.0,7.0,5.0,3.4,4.0,75.0,0,3.0,1.0,0,0.0,0.0,0.0,15.4
2025,2,Chinese Grand Prix,sainz,SAI,williams,15,1.0,10,0,0.0,10.0,18.0,6.0,5.4,65.0,0,3.0,1.0,0,0.0,0.0,0.0,16.2
2025,3,Japanese Grand Prix,sainz,SAI,williams,15,0.0,14,0,1.0,15.0,10.0,7.4,7.6,51.0,0,2.0,1.0,0,0.0,1.0,1.0,14.4
2025,4,Bahrain Grand Prix,sainz,SAI,williams,8,0.0,19,0,0.0,15.0,14.0,10.0,10.2,26.0,0,1.0,0.0,0,0.0,0.0,1.0,14.0
2025,5,Saudi Arabian Grand Prix,sainz,SAI,williams,6,4.0,8,0,0.0,8.0,19.0,13.2,11.0,11.0,0,0.0,0.0,0,0.0,0.0,1.0,15.0
2023,1,Bahrain Grand Prix,sargeant,SAR,williams,16,0.0,12,0,0.0,10.0,10.0,10.0,10.0,0.0,0,0.0,0.0,0,0.0,4.0,5.0,13.8
2023,2,Saudi Arabian Grand Prix,sargeant,SAR,williams,20,0.0,16,0,0.0,16.0,12.0,12.0,16.0,0.0,0,0.0,0.0,0,0.0,0.0,5.0,12.6
2023,3,Australian Grand Prix,sargeant,SAR,williams,18,0.0,16,0,0.0,20.0,16.0,14.0,18.0,0.0,0,0.0,0.0,0,0.0,0.0,4.0,13.8
2023,4,Azerbaijan Grand Prix,sargeant,SAR,williams,14,0.0,16,0,0.0,18.0,16.0,14.666666666666666,18.0,0.0,0,0.0,0.0,0,0.0,0.0,4.0,14.2
2023,5,Miami Grand Prix,sargeant,SAR,williams,20,0.0,20,0,0.0,14.0,16.0,15.0,17.0,0.0,0,0.0,0.0,0,0.0,0.0,4.0,13.6
2024,1,Bahrain Grand Prix,sargeant,SAR,williams,18,0.0,20,0,0.0,20.0,20.0,16.0,17.6,0.0,0,0.0,0.0,0,0.0,0.0,0.0,16.0
2024,2,Saudi Arabian Grand Prix,sargeant,SAR,williams,19,0.0,14,0,0.0,18.0,20.0,17.6,18.0,0.0,0,0.0,0.0,0,0.0,0.0,0.0,17.6
2024,4,Japanese Grand Prix,sargeant,SAR,williams,19,0.0,17,0,0.0,19.0,14.0,17.2,17.8,0.0,0,0.0,0.0,0,0.0,0.0,0.0,17.2
2024,5,Chinese Grand Prix,sargeant,SAR,williams,20,0.0,17,0,0.0,19.0,17.0,17.4,18.0,0.0,0,0.0,0.0,0,0.0,0.0,0.0,17.4
2021,1,Bahrain Grand Prix,stroll,STR,aston_martin,10,1.0,10,0,0.0,10.0,10.0,10.0,10.0,0.0,0,0.0,0.0,0,0.0,0.0,0.0,13.2
2021,2,Emilia Romagna Grand Prix,stroll,STR,aston_martin,10,4.0,8,0,1.0,10.0,10.0,10.0,10.0,1.0,0,0.0,0.0,0,0.0,1.0,1.0,13.0
2021,3,Portuguese Grand Prix,stroll,STR,aston_martin,17,0.0,14,0,4.0,10.0,8.0,9.0,10.0,5.0,0,0.0,0.0,0,0.0,4.0,5.0,11.6
2021,4,Spanish Grand Prix,stroll,STR,aston_martin,11,0.0,11,0,0.0,17.0,14.0,10.666666666666666,12.333333333333334,5.0,0,0.0,0.0,0,0.0,0.0,5.0,12.2
2021,5,Monaco Grand Prix,stroll,STR,aston_martin,13,4.0,8,0,0.0,11.0,11.0,10.75,12.0,5.0,0,0.0,0.0,0,0.0,0.0,5.0,11.0
2022,1,Bahrain Grand Prix,stroll,STR,aston_martin,19,0.0,12,0,4.0,13.0,8.0,10.2,12.2,9.0,0,0.0,0.0,0,0.0,4.0,9.0,10.2
2022,2,Saudi Arabian Grand Prix,stroll,STR,aston_martin,13,0.0,13,0,0.0,19.0,12.0,10.6,14.0,8.0,0,0.0,0.0,0,0.0,0.0,8.0,10.6
2022,3,Australian Grand Prix,stroll,STR,aston_martin,19,0.0,12,0,0.0,13.0,13.0,11.6,14.6,4.0,0,0.0,0.0,0,0.0,0.0,4.0,11.6
2022,4,Emilia Romagna Grand Prix,stroll,STR,aston_martin,15,1.0,10,0,0.0,19.0,12.0,11.2,15.0,4.0,0,0.0,0.0,0,0.0,0.0,4.0,11.2
2022,5,Miami Grand Prix,stroll,STR,aston_martin,0,1.0,10,0,1.0,15.0,10.0,11.0,15.8,5.0,0,0.0,0.0,0,0.0,1.0,5.0,11.0
2023,1,Bahrain Grand Prix,stroll,STR,aston_martin,8,8.0,6,0,1.0,0.0,10.0,11.4,13.2,2.0,0,0.0,0.0,0,0.0,1.0,2.0,11.4
2023,2,Saudi Arabian Grand Prix,stroll,STR,aston_martin,5,0.0,20,0,8.0,8.0,6.0,10.2,11.0,10.0,0,0.0,0.0,0,0.0,8.0,10.0,10.2
2023,3,Australian Grand Prix,stroll,STR,aston_martin,6,12.0,4,0,0.0,5.0,20.0,11.6,9.4,10.0,0,0.0,0.0,0,0.0,0.0,10.0,11.6
2023,4,Azerbaijan Grand Prix,stroll,STR,aston_martin,9,6.0,7,0,12.0,6.0,4.0,10.0,6.8,22.0,0,0.0,0.0,0,0.0,12.0,22.0,10.0
2023,5,Miami Grand Prix,stroll,STR,aston_martin,18,0.0,12,0,6.0,9.0,7.0,9.4,5.6,27.0,0,0.0,0.0,0,0.0,6.0,27.0,9.4
2024,1,Bahrain Grand Prix,stroll,STR,aston_martin,12,1.0,10,0,0.0,18.0,12.0,9.8,9.2,26.0,0,0.0,0.0,0,0.0,0.0,26.0,9.8
2024,2,Saudi Arabian Grand Prix,stroll,STR,aston_martin,10,0.0,19,0,1.0,12.0,10.0,10.6,10.0,19.0,0,0.0,0.0,0,0.0,1.0,19.0,10.6
2024,3,Australian Grand Prix,stroll,STR,aston_martin,9,8.0,6,0,0.0,10.0,19.0,10.4,11.0,19.0,0,0.0,0.0,0,0.0,0.0,19.0,10.4
2024,4,Japanese Grand Prix,stroll,STR,aston_martin,16,0.0,12,0,8.0,9.0,6.0,10.8,11.6,15.0,0,0.0,0.0,0,0.0,8.0,15.0,10.8
2024,5,Chinese Grand Prix,stroll,STR,aston_martin,11,0.0,15,0,0.0,16.0,12.0,11.8,13.0,9.0,0,0.0,0.0,0,0.0,0.0,9.0,11.8
2025,1,Australian Grand Prix,stroll,STR,aston_martin,13,8.0,6,0,0.0,11.0,15.0,12.4,11.6,9.0,0,0.0,0.0,0,0.0,0.0,9.0,12.4
2025,2,Chinese Grand Prix,stroll,STR,aston_martin,14,2.0,9,0,8.0,13.0,6.0,11.6,11.8,16.0,0,0.0,0.0,0,0.0,8.0,16.0,11.6
2025,3,Japanese Grand Prix,stroll,STR,aston_martin,20,0.0,20,0,2.0,14.0,9.0,9.6,12.6,18.0,0,0.0,0.0,0,0.0,2.0,18.0,9.6
2025,4,Bahrain Grand Prix,stroll,STR,aston_martin,19,0.0,17,0,0.0,20.0,20.0,12.4,14.8,10.0,0,0.0,0.0,0,0.0,0.0,10.0,12.4
2025,5,Saudi Arabian Grand Prix,stroll,STR,aston_martin,16,0.0,16,0,0.0,19.0,17.0,13.4,15.4,10.0,0,0.0,0.0,0,0.0,0.0,10.0,13.4
2021,1,Bahrain Grand Prix,tsunoda,TSU,alphatauri,13,2.0,9,0,0.0,10.0,10.0,10.0,10.0,0.0,0,0.0,0.0,0,0.0,0.0,6.0,13.4
2021,2,Emilia Romagna Grand Prix,tsunoda,TSU,alphatauri,20,0.0,12,0,2.0,13.0,9.0,9.0,13.0,2.0,0,0.0,0.0,0,0.0,2.0,8.0,11.2
2021,3,Portuguese Grand Prix,tsunoda,TSU,alphatauri,14,0.0,15,0,0.0,20.0,12.0,10.5,16.5,2.0,0,0.0,0.0,0,0.0,0.0,4.0,12.0
2021,4,Spanish Grand Prix,tsunoda,TSU,alphatauri,16,0.0,20,0,0.0,14.0,15.0,12.0,15.666666666666666,2.0,0,0.0,0.0,0,0.0,0.0,2.0,13.2
2021,5,Monaco Grand Prix,tsunoda,TSU,alphatauri,16,0.0,16,0,0.0,16.0,20.0,14.0,15.75,2.0,0,0.0,0.0,0,0.0,0.0,2.0,14.8
2022,1,Bahrain Grand Prix,tsunoda,TSU,alphatauri,16,4.0,8,0,0.0,16.0,16.0,14.4,15.8,2.0,0,0.0,0.0,0,0.0,0.0,2.0,14.4
2022,2,Saudi Arabian Grand Prix,tsunoda,TSU,alphatauri,19,0.0,19,0,4.0,16.0,8.0,14.2,16.4,4.0,0,0.0,0.0,0,0.0,4.0,4.0,14.2
2022,3,Australian Grand Prix,tsunoda,TSU,alphatauri,13,0.0,15,0,0.0,19.0,19.0,15.6,16.2,4.0,0,0.0,0.0,0,0.0,0.0,4.0,15.6
2022,4,Emilia Romagna Grand Prix,tsunoda,TSU,alphatauri,12,6.0,7,0,0.0,13.0,15.0,15.6,16.0,4.0,0,0.0,0.0,0,0.0,0.0,4.0,15.6
2022,5,Miami Grand Prix,tsunoda,TSU,alphatauri,9,0.0,12,0,6.0,12.0,7.0,13.0,15.2,10.0,0,0.0,0.0,0,0.0,6.0,10.0,13.0
2023,1,Bahrain Grand Prix,tsunoda,TSU,alphatauri,14,0.0,11,0,0.0,9.0,12.0,12.2,13.8,10.0,0,0.0,0.0,0,0.0,0.0,10.0,12.2
2023,2,Saudi Arabian Grand Prix,tsunoda,TSU,alphatauri,16,0.0,11,0,0.0,14.0,11.0,12.8,13.4,6.0,0,0.0,0.0,0,0.0,0.0,6.0,12.8
2023,3,Australian Grand Prix,tsunoda,TSU,alphatauri,12,1.0,10,0,0.0,16.0,11.0,11.2,12.8,6.0,0,0.0,0.0,0,0.0,0.0,6.0,11.2
2023,4,Azerbaijan Grand Prix,tsunoda,TSU,alphatauri,8,1.0,10,0,1.0,12.0,10.0,10.2,12.6,7.0,0,0.0,0.0,0,0.0,1.0,7.0,10.2
2023,5,Miami Grand Prix,tsunoda,TSU,alphatauri,17,0.0,11,0,1.0,8.0,10.0,10.8,11.8,2.0,0,0.0,0.0,0,0.0,1.0,2.0,10.8
2024,1,Bahrain Grand Prix,tsunoda,TSU,rb,11,0.0,14,0,0.0,17.0,11.0,10.6,13.4,2.0,0,0.0,0.0,0,0.0,0.0,0.0,15.6
2024,2,Saudi Arabian Grand Prix,tsunoda,TSU,rb,9,0.0,15,0,0.0,11.0,14.0,11.2,12.8,2.0,0,0.0,0.0,0,0.0,0.0,0.0,15.8
2024,3,Australian Grand Prix,tsunoda,TSU,rb,8,6.0,7,0,0.0,9.0,15.0,12.0,11.4,2.0,0,0.0,0.0,0,0.0,0.0,0.0,15.6
2024,4,Japanese Grand Prix,tsunoda,TSU,rb,10,1.0,10,0,6.0,8.0,7.0,11.4,10.6,7.0,0,0.0,0.0,0,0.0,6.0,6.0,14.6
2024,5,Chinese Grand Prix,tsunoda,TSU,rb,19,0.0,19,0,1.0,10.0,10.0,11.4,11.0,7.0,0,0.0,0.0,0,0.0,1.0,7.0,12.8
2025,1,Australian Grand Prix,tsunoda,TSU,rb,5,0.0,12,0,0.0,19.0,19.0,13.0,11.4,7.0,0,0.0,0.0,0,0.0,0.0,7.0,13.0
2025,2,Chinese Grand Prix,tsunoda,TSU,rb,9,0.0,16,0,0.0,5.0,12.0,12.6,10.2,7.0,0,0.0,0.0,0,0.0,0.0,7.0,12.6
2025,3,Japanese Grand Prix,tsunoda,TSU,red_bull,14,0.0,12,0,0.0,9.0,16.0,12.8,10.2,7.0,0,0.0,0.0,0,0.0,15.0,79.0,2.8
2025,4,Bahrain Grand Prix,tsunoda,TSU,red_bull,10,2.0,9,0,0.0,14.0,12.0,13.8,11.4,1.0,0,0.0,0.0,0,0.0,0.0,61.0,4.8
2025,5,Saudi Arabian Grand Prix,tsunoda,TSU,red_bull,8,0.0,19,0,2.0,10.0,9.0,13.6,11.4,2.0,0,0.0,0.0,0,0.0,2.0,45.0,6.2
2021,1,Bahrain Grand Prix,vettel,VET,aston_martin,20,0.0,15,0,0.0,10.0,10.0,10.0,10.0,0.0,0,0.0,0.0,0,0.0,0.0,10.0,13.6
2021,2,Emilia Romagna Grand Prix,vettel,VET,aston_martin,0,0.0,15,0,0.0,20.0,15.0,15.0,20.0,0.0,0,0.0,0.0,0,0.0,0.0,2.0,15.4
2021,3,Portuguese Grand Prix,vettel,VET,aston_martin,10,0.0,13,0,0.0,0.0,15.0,15.0,10.0,0.0,0,0.0,0.0,0,0.0,0.0,0.0,16.6
2021,4,Spanish Grand Prix,vettel,VET,aston_martin,13,0.0,13,0,0.0,10.0,13.0,14.333333333333334,10.0,0.0,0,0.0,0.0,0,0.0,0.0,0.0,15.2
2021,5,Monaco Grand Prix,vettel,VET,aston_martin,8,10.0,5,0,0.0,13.0,13.0,14.0,10.75,0.0,0,0.0,0.0,0,0.0,0.0,0.0,14.4
2022,3,Australian Grand Prix,vettel,VET,aston_martin,17,0.0,19,0,10.0,8.0,5.0,12.2,10.2,10.0,0,0.0,0.0,0,0.0,10.0,10.0,12.2
2022,4,Emilia Romagna Grand Prix,vettel,VET,aston_martin,13,4.0,8,0,0.0,17.0,19.0,13.0,9.6,10.0,0,0.0,0.0,0,0.0,0.0,10.0,13.0
2022,5,Miami Grand Prix,vettel,VET,aston_martin,0,0.0,17,0,4.0,13.0,8.0,11.6,12.2,14.0,0,0.0,0.0,0,0.0,4.0,14.0,11.6
2022,1,Bahrain Grand Prix,zhou,ZHO,alfa,15,1.0,10,0,0.0,10.0,10.0,10.0,10.0,0.0,0,0.0,0.0,0,0.0,0.0,0.0,13.4
2022,2,Saudi Arabian Grand Prix,zhou,ZHO,alfa,12,0.0,11,0,1.0,15.0,10.0,10.0,15.0,1.0,0,0.0,0.0,0,0.0,1.0,1.0,13.2
2022,3,Australian Grand Prix,zhou,ZHO,alfa,14,0.0,11,0,0.0,12.0,11.0,10.5,13.5,1.0,0,0.0,0.0,0,0.0,0.0,1.0,12.8
2022,4,Emilia Romagna Grand Prix,zhou,ZHO,alfa,0,0.0,15,0,0.0,14.0,11.0,10.666666666666666,13.666666666666666,1.0,0,0.0,0.0,0,0.0,0.0,1.0,11.0
2022,5,Miami Grand Prix,zhou,ZHO,alfa,17,0.0,20,0,0.0,0.0,15.0,11.75,10.25,1.0,0,0.0,0.0,0,0.0,0.0,1.0,11.6
2023,1,Bahrain Grand Prix,zhou,ZHO,alfa,13,0.0,16,0,0.0,17.0,20.0,13.4,11.6,1.0,0,0.0,0.0,0,0.0,0.0,1.0,13.4
2023,2,Saudi Arabian Grand Prix,zhou,ZHO,alfa,11,0.0,13,0,0.0,13.0,16.0,14.6,11.2,0.0,0,0.0,0.0,0,0.0,0.0,0.0,14.6
2023,3,Australian Grand Prix,zhou,ZHO,alfa,17,2.0,9,0,0.0,11.0,13.0,15.0,11.0,0.0,0,0.0,0.0,0,0.0,0.0,0.0,15.0
2023,4,Azerbaijan Grand Prix,zhou,ZHO,alfa,15,0.0,19,0,2.0,17.0,9.0,14.6,11.6,2.0,0,0.0,0.0,0,0.0,2.0,2.0,14.6
2023,5,Miami Grand Prix,zhou,ZHO,alfa,14,0.0,16,0,0.0,15.0,19.0,15.4,14.6,2.0,0,0.0,0.0,0,0.0,0.0,2.0,15.4
2024,1,Bahrain Grand Prix,zhou,ZHO,sauber,17,0.0,11,0,0.0,14.0,16.0,14.6,14.0,2.0,0,0.0,0.0,0,0.0,0.0,6.0,14.6
2024,2,Saudi Arabian Grand Prix,zhou,ZHO,sauber,20,0.0,18,0,0.0,17.0,11.0,13.6,14.8,2.0,0,0.0,0.0,0,0.0,0.0,0.0,15.4
2024,3,Australian Grand Prix,zhou,ZHO,sauber,19,0.0,15,0,0.0,20.0,18.0,14.6,16.6,2.0,0,0.0,0.0,0,0.0,0.0,0.0,16.0
2024,4,Japanese Grand Prix,zhou,ZHO,sauber,20,0.0,18,0,0.0,19.0,15.0,15.8,17.0,0.0,0,0.0,0.0,0,0.0,0.0,0.0,15.8
2024,5,Chinese Grand Prix,zhou,ZHO,sauber,16,0.0,14,0,0.0,20.0,18.0,15.6,18.0,0.0,0,0.0,0.0,0,0.0,0.0,0.0,15.4
